21-12-3,ISRLU,CEE,500,0.01,0.5,99.36%, 0.1885
21-15-3,ISRLU,CEE,500,0.01,0.5,94.26%, 0.2084
21-20-3,ISRLU,CEE,500,0.01,0.5,99.79%, 0.1891
21-12-3,ISRLU,CEE,300,0.01,0.5,98.09%, 0.1947
21-15-3,ISRLU,CEE,300,0.01,0.5,98.51%, 0.1940
21-20-3,ISRLU,CEE,300,0.01,0.5,78.30%, 0.2783
21-12-3,ISRLU,CEE,500,0.01,0.5,100.00%, 0.1855
21-15-3,ISRLU,CEE,500,0.01,0.5,100.00%, 0.1839
21-20-3,ISRLU,CEE,500,0.01,0.5,92.34%, 0.2099
21-12-3,ISRLU,CEE,300,0.01,0.5,100.00%, 0.1839
21-15-3,ISRLU,CEE,300,0.01,0.5,98.51%, 0.1920
21-20-3,ISRLU,CEE,300,0.01,0.5,97.23%, 0.2035
21-12-3,ISRLU,CEE,500,0.01,0.75,100.00%, 0.1839
21-15-3,ISRLU,CEE,500,0.01,0.75,96.81%, 0.1989
21-20-3,ISRLU,CEE,500,0.01,0.75,97.45%, 0.2007
21-12-3,ISRLU,CEE,300,0.01,0.75,100.00%, 0.1839
21-15-3,ISRLU,CEE,300,0.01,0.75,100.00%, 0.1843
21-20-3,ISRLU,CEE,300,0.01,0.75,98.72%, 0.1949
21-12-3,ISRLU,CEE,500,0.01,0.75,99.36%, 0.1901
21-15-3,ISRLU,CEE,500,0.01,0.75,99.79%, 0.1857
21-20-3,ISRLU,CEE,500,0.01,0.75,100.00%, 0.1852
21-12-3,ISRLU,CEE,300,0.01,0.75,100.00%, 0.1839
21-15-3,ISRLU,CEE,300,0.01,0.75,94.89%, 0.2102
21-20-3,ISRLU,CEE,300,0.01,0.75,97.87%, 0.1920
21-12-3,ISRLU,CEE,500,0.01,0.95,100.00%, 0.1861
21-15-3,ISRLU,CEE,500,0.01,0.95,98.30%, 0.1949
21-20-3,ISRLU,CEE,500,0.01,0.95,95.96%, 0.2004
21-12-3,ISRLU,CEE,300,0.01,0.95,100.00%, 0.1856
21-15-3,ISRLU,CEE,300,0.01,0.95,99.79%, 0.1886
21-20-3,ISRLU,CEE,300,0.01,0.95,100.00%, 0.1844
21-12-3,ISRLU,CEE,500,0.01,0.95,100.00%, 0.1838
21-15-3,ISRLU,CEE,500,0.01,0.95,100.00%, 0.1838
21-20-3,ISRLU,CEE,500,0.01,0.95,100.00%, 0.1842
21-12-3,ISRLU,CEE,300,0.01,0.95,100.00%, 0.1838
21-15-3,ISRLU,CEE,300,0.01,0.95,100.00%, 0.1839
21-20-3,ISRLU,CEE,300,0.01,0.95,100.00%, 0.1839
21-12-3,ISRLU,CEE,500,0.001,0.5,100.00%, 0.1843
21-15-3,ISRLU,CEE,500,0.001,0.5,98.94%, 0.1937
21-20-3,ISRLU,CEE,500,0.001,0.5,100.00%, 0.1870
21-12-3,ISRLU,CEE,300,0.001,0.5,98.72%, 0.2051
21-15-3,ISRLU,CEE,300,0.001,0.5,100.00%, 0.1851
21-20-3,ISRLU,CEE,300,0.001,0.5,100.00%, 0.1890
21-12-3,ISRLU,CEE,500,0.001,0.5,100.00%, 0.1866
21-15-3,ISRLU,CEE,500,0.001,0.5,100.00%, 0.1845
21-20-3,ISRLU,CEE,500,0.001,0.5,99.36%, 0.1972
21-12-3,ISRLU,CEE,300,0.001,0.5,89.36%, 0.2433
21-15-3,ISRLU,CEE,300,0.001,0.5,17.66%, NaN
21-20-3,ISRLU,CEE,300,0.001,0.5,100.00%, 0.1854
21-12-3,ISRLU,CEE,500,0.001,0.75,100.00%, 0.1846
21-15-3,ISRLU,CEE,500,0.001,0.75,100.00%, 0.1844
21-20-3,ISRLU,CEE,500,0.001,0.75,99.36%, 0.1919
21-12-3,ISRLU,CEE,300,0.001,0.75,100.00%, 0.1845
21-15-3,ISRLU,CEE,300,0.001,0.75,100.00%, 0.1868
21-20-3,ISRLU,CEE,300,0.001,0.75,100.00%, 0.1850
21-12-3,ISRLU,CEE,500,0.001,0.75,100.00%, 0.1844
21-15-3,ISRLU,CEE,500,0.001,0.75,100.00%, 0.1861
21-20-3,ISRLU,CEE,500,0.001,0.75,100.00%, 0.1897
21-12-3,ISRLU,CEE,300,0.001,0.75,99.36%, 0.1923
21-15-3,ISRLU,CEE,300,0.001,0.75,98.72%, 0.2105
21-20-3,ISRLU,CEE,300,0.001,0.75,100.00%, 0.1861
21-12-3,ISRLU,CEE,500,0.001,0.95,98.94%, 0.1972
21-15-3,ISRLU,CEE,500,0.001,0.95,100.00%, 0.1843
21-20-3,ISRLU,CEE,500,0.001,0.95,100.00%, 0.1842
21-12-3,ISRLU,CEE,300,0.001,0.95,100.00%, 0.1855
21-15-3,ISRLU,CEE,300,0.001,0.95,95.96%, 0.2116
21-20-3,ISRLU,CEE,300,0.001,0.95,100.00%, 0.1906
21-12-3,ISRLU,CEE,500,0.001,0.95,99.36%, 0.1950
21-15-3,ISRLU,CEE,500,0.001,0.95,100.00%, 0.1922
21-20-3,ISRLU,CEE,500,0.001,0.95,100.00%, 0.1862
21-12-3,ISRLU,CEE,300,0.001,0.95,98.72%, 0.2001
21-15-3,ISRLU,CEE,300,0.001,0.95,100.00%, 0.1860
21-20-3,ISRLU,CEE,300,0.001,0.95,100.00%, 0.1848
21-12-3,ISRLU,CEE,500,1.0E-4,0.5,98.72%, 0.1986
21-15-3,ISRLU,CEE,500,1.0E-4,0.5,99.57%, 0.1979
21-20-3,ISRLU,CEE,500,1.0E-4,0.5,97.45%, 0.2132
21-12-3,ISRLU,CEE,300,1.0E-4,0.5,98.94%, 0.2046
21-15-3,ISRLU,CEE,300,1.0E-4,0.5,98.09%, 0.2105
21-20-3,ISRLU,CEE,300,1.0E-4,0.5,98.09%, 0.2081
21-12-3,ISRLU,CEE,500,1.0E-4,0.5,97.66%, 0.2063
21-15-3,ISRLU,CEE,500,1.0E-4,0.5,99.79%, 0.1989
21-20-3,ISRLU,CEE,500,1.0E-4,0.5,99.57%, 0.2006
21-12-3,ISRLU,CEE,300,1.0E-4,0.5,98.30%, 0.2068
21-15-3,ISRLU,CEE,300,1.0E-4,0.5,97.23%, 0.2111
21-20-3,ISRLU,CEE,300,1.0E-4,0.5,98.30%, 0.2062
21-12-3,ISRLU,CEE,500,1.0E-4,0.75,99.36%, 0.1962
21-15-3,ISRLU,CEE,500,1.0E-4,0.75,98.94%, 0.1990
21-20-3,ISRLU,CEE,500,1.0E-4,0.75,99.36%, 0.1970
21-12-3,ISRLU,CEE,300,1.0E-4,0.75,98.30%, 0.2042
21-15-3,ISRLU,CEE,300,1.0E-4,0.75,92.77%, 0.2460
21-20-3,ISRLU,CEE,300,1.0E-4,0.75,95.96%, 0.2161
21-12-3,ISRLU,CEE,500,1.0E-4,0.75,98.30%, 0.2041
21-15-3,ISRLU,CEE,500,1.0E-4,0.75,92.98%, 0.2200
21-20-3,ISRLU,CEE,500,1.0E-4,0.75,99.79%, 0.1934
21-12-3,ISRLU,CEE,300,1.0E-4,0.75,97.87%, 0.2035
21-15-3,ISRLU,CEE,300,1.0E-4,0.75,96.38%, 0.2173
21-20-3,ISRLU,CEE,300,1.0E-4,0.75,98.94%, 0.2013
21-12-3,ISRLU,CEE,500,1.0E-4,0.95,95.11%, 0.2237
21-15-3,ISRLU,CEE,500,1.0E-4,0.95,99.79%, 0.1965
21-20-3,ISRLU,CEE,500,1.0E-4,0.95,99.57%, 0.1956
21-12-3,ISRLU,CEE,300,1.0E-4,0.95,97.66%, 0.2052
21-15-3,ISRLU,CEE,300,1.0E-4,0.95,97.23%, 0.2230
21-20-3,ISRLU,CEE,300,1.0E-4,0.95,95.96%, 0.2172
21-12-3,ISRLU,CEE,500,1.0E-4,0.95,97.45%, 0.1987
21-15-3,ISRLU,CEE,500,1.0E-4,0.95,99.36%, 0.1942
21-20-3,ISRLU,CEE,500,1.0E-4,0.95,95.53%, 0.2231
21-12-3,ISRLU,CEE,300,1.0E-4,0.95,90.00%, 0.2400
21-15-3,ISRLU,CEE,300,1.0E-4,0.95,95.74%, 0.2249
21-20-3,ISRLU,CEE,300,1.0E-4,0.95,92.34%, 0.2260
21-12-3,ISRLU,MSE,500,0.01,0.5,100.00%, 0.1880
21-15-3,ISRLU,MSE,500,0.01,0.5,99.79%, 0.1893
21-20-3,ISRLU,MSE,500,0.01,0.5,99.79%, 0.1930
21-12-3,ISRLU,MSE,300,0.01,0.5,99.36%, 0.1971
21-15-3,ISRLU,MSE,300,0.01,0.5,99.79%, 0.1879
21-20-3,ISRLU,MSE,300,0.01,0.5,100.00%, 0.1851
21-12-3,ISRLU,MSE,500,0.01,0.5,100.00%, 0.1853
21-15-3,ISRLU,MSE,500,0.01,0.5,99.79%, 0.1864
21-20-3,ISRLU,MSE,500,0.01,0.5,100.00%, 0.1844
21-12-3,ISRLU,MSE,300,0.01,0.5,99.57%, 0.1938
21-15-3,ISRLU,MSE,300,0.01,0.5,99.79%, 0.1912
21-20-3,ISRLU,MSE,300,0.01,0.5,99.79%, 0.1855
21-12-3,ISRLU,MSE,500,0.01,0.75,99.79%, 0.1883
21-15-3,ISRLU,MSE,500,0.01,0.75,99.79%, 0.1863
21-20-3,ISRLU,MSE,500,0.01,0.75,99.79%, 0.1904
21-12-3,ISRLU,MSE,300,0.01,0.75,100.00%, 0.1894
21-15-3,ISRLU,MSE,300,0.01,0.75,99.79%, 0.1893
21-20-3,ISRLU,MSE,300,0.01,0.75,97.66%, 0.2006
21-12-3,ISRLU,MSE,500,0.01,0.75,99.57%, 0.1940
21-15-3,ISRLU,MSE,500,0.01,0.75,100.00%, 0.1895
21-20-3,ISRLU,MSE,500,0.01,0.75,100.00%, 0.1886
21-12-3,ISRLU,MSE,300,0.01,0.75,99.36%, 0.1954
21-15-3,ISRLU,MSE,300,0.01,0.75,99.36%, 0.1977
21-20-3,ISRLU,MSE,300,0.01,0.75,99.79%, 0.1896
21-12-3,ISRLU,MSE,500,0.01,0.95,99.79%, 0.1912
21-15-3,ISRLU,MSE,500,0.01,0.95,100.00%, 0.1876
21-20-3,ISRLU,MSE,500,0.01,0.95,100.00%, 0.1919
21-12-3,ISRLU,MSE,300,0.01,0.95,99.79%, 0.1962
21-15-3,ISRLU,MSE,300,0.01,0.95,99.57%, 0.1871
21-20-3,ISRLU,MSE,300,0.01,0.95,99.79%, 0.1889
21-12-3,ISRLU,MSE,500,0.01,0.95,99.79%, 0.1864
21-15-3,ISRLU,MSE,500,0.01,0.95,99.79%, 0.1890
21-20-3,ISRLU,MSE,500,0.01,0.95,100.00%, 0.1852
21-12-3,ISRLU,MSE,300,0.01,0.95,99.79%, 0.1884
21-15-3,ISRLU,MSE,300,0.01,0.95,99.15%, 0.1904
21-20-3,ISRLU,MSE,300,0.01,0.95,99.57%, 0.1909
21-12-3,ISRLU,MSE,500,0.001,0.5,99.57%, 0.2010
21-15-3,ISRLU,MSE,500,0.001,0.5,97.66%, 0.1998
21-20-3,ISRLU,MSE,500,0.001,0.5,98.94%, 0.2003
21-12-3,ISRLU,MSE,300,0.001,0.5,99.15%, 0.2038
21-15-3,ISRLU,MSE,300,0.001,0.5,96.38%, 0.2071
21-20-3,ISRLU,MSE,300,0.001,0.5,99.79%, 0.2015
21-12-3,ISRLU,MSE,500,0.001,0.5,99.36%, 0.2003
21-15-3,ISRLU,MSE,500,0.001,0.5,98.09%, 0.2007
21-20-3,ISRLU,MSE,500,0.001,0.5,99.15%, 0.2014
21-12-3,ISRLU,MSE,300,0.001,0.5,98.72%, 0.2040
21-15-3,ISRLU,MSE,300,0.001,0.5,99.15%, 0.2043
21-20-3,ISRLU,MSE,300,0.001,0.5,99.36%, 0.2043
21-12-3,ISRLU,MSE,500,0.001,0.75,99.36%, 0.2029
21-15-3,ISRLU,MSE,500,0.001,0.75,99.57%, 0.2013
21-20-3,ISRLU,MSE,500,0.001,0.75,99.79%, 0.1975
21-12-3,ISRLU,MSE,300,0.001,0.75,98.94%, 0.2045
21-15-3,ISRLU,MSE,300,0.001,0.75,92.13%, 0.2349
21-20-3,ISRLU,MSE,300,0.001,0.75,98.94%, 0.2036
21-12-3,ISRLU,MSE,500,0.001,0.75,99.79%, 0.2019
21-15-3,ISRLU,MSE,500,0.001,0.75,98.30%, 0.2014
21-20-3,ISRLU,MSE,500,0.001,0.75,99.57%, 0.2000
21-12-3,ISRLU,MSE,300,0.001,0.75,98.09%, 0.2045
21-15-3,ISRLU,MSE,300,0.001,0.75,99.15%, 0.2044
21-20-3,ISRLU,MSE,300,0.001,0.75,98.72%, 0.2009
21-12-3,ISRLU,MSE,500,0.001,0.95,100.00%, 0.2011
21-15-3,ISRLU,MSE,500,0.001,0.95,99.79%, 0.1989
21-20-3,ISRLU,MSE,500,0.001,0.95,99.36%, 0.1998
21-12-3,ISRLU,MSE,300,0.001,0.95,99.36%, 0.2037
21-15-3,ISRLU,MSE,300,0.001,0.95,99.15%, 0.2034
21-20-3,ISRLU,MSE,300,0.001,0.95,99.15%, 0.2039
21-12-3,ISRLU,MSE,500,0.001,0.95,98.94%, 0.2048
21-15-3,ISRLU,MSE,500,0.001,0.95,99.36%, 0.2020
21-20-3,ISRLU,MSE,500,0.001,0.95,99.57%, 0.1982
21-12-3,ISRLU,MSE,300,0.001,0.95,98.72%, 0.2043
21-15-3,ISRLU,MSE,300,0.001,0.95,98.72%, 0.2063
21-20-3,ISRLU,MSE,300,0.001,0.95,99.57%, 0.2058
21-12-3,ISRLU,MSE,500,1.0E-4,0.5,93.83%, 0.2338
21-15-3,ISRLU,MSE,500,1.0E-4,0.5,89.36%, 0.2402
21-20-3,ISRLU,MSE,500,1.0E-4,0.5,88.30%, 0.2478
21-12-3,ISRLU,MSE,300,1.0E-4,0.5,78.94%, 0.2818
21-15-3,ISRLU,MSE,300,1.0E-4,0.5,88.09%, 0.2479
21-20-3,ISRLU,MSE,300,1.0E-4,0.5,86.81%, 0.2477
21-12-3,ISRLU,MSE,500,1.0E-4,0.5,95.11%, 0.2346
21-15-3,ISRLU,MSE,500,1.0E-4,0.5,90.85%, 0.2397
21-20-3,ISRLU,MSE,500,1.0E-4,0.5,96.60%, 0.2187
21-12-3,ISRLU,MSE,300,1.0E-4,0.5,90.85%, 0.2470
21-15-3,ISRLU,MSE,300,1.0E-4,0.5,92.13%, 0.2378
21-20-3,ISRLU,MSE,300,1.0E-4,0.5,86.38%, 0.2575
21-12-3,ISRLU,MSE,500,1.0E-4,0.75,86.17%, 0.2418
21-15-3,ISRLU,MSE,500,1.0E-4,0.75,85.74%, 0.2573
21-20-3,ISRLU,MSE,500,1.0E-4,0.75,87.45%, 0.2423
21-12-3,ISRLU,MSE,300,1.0E-4,0.75,91.06%, 0.2365
21-15-3,ISRLU,MSE,300,1.0E-4,0.75,75.96%, 0.2678
21-20-3,ISRLU,MSE,300,1.0E-4,0.75,90.85%, 0.2385
21-12-3,ISRLU,MSE,500,1.0E-4,0.75,78.30%, 0.2810
21-15-3,ISRLU,MSE,500,1.0E-4,0.75,91.91%, 0.2416
21-20-3,ISRLU,MSE,500,1.0E-4,0.75,88.30%, 0.2544
21-12-3,ISRLU,MSE,300,1.0E-4,0.75,94.26%, 0.2367
21-15-3,ISRLU,MSE,300,1.0E-4,0.75,80.85%, 0.2748
21-20-3,ISRLU,MSE,300,1.0E-4,0.75,87.66%, 0.2571
21-12-3,ISRLU,MSE,500,1.0E-4,0.95,92.77%, 0.2338
21-15-3,ISRLU,MSE,500,1.0E-4,0.95,85.32%, 0.2631
21-20-3,ISRLU,MSE,500,1.0E-4,0.95,90.64%, 0.2406
21-12-3,ISRLU,MSE,300,1.0E-4,0.95,85.53%, 0.2546
21-15-3,ISRLU,MSE,300,1.0E-4,0.95,82.77%, 0.2688
21-20-3,ISRLU,MSE,300,1.0E-4,0.95,91.06%, 0.2446
21-12-3,ISRLU,MSE,500,1.0E-4,0.95,91.91%, 0.2327
21-15-3,ISRLU,MSE,500,1.0E-4,0.95,97.02%, 0.2114
21-20-3,ISRLU,MSE,500,1.0E-4,0.95,94.26%, 0.2356
21-12-3,ISRLU,MSE,300,1.0E-4,0.95,85.32%, 0.2703
21-15-3,ISRLU,MSE,300,1.0E-4,0.95,91.06%, 0.2371
21-20-3,ISRLU,MSE,300,1.0E-4,0.95,78.72%, 0.2768
21-12-3,ISRLU,SSE,500,0.01,0.5,99.79%, 0.1902
21-15-3,ISRLU,SSE,500,0.01,0.5,100.00%, 0.1890
21-20-3,ISRLU,SSE,500,0.01,0.5,99.79%, 0.1882
21-12-3,ISRLU,SSE,300,0.01,0.5,99.79%, 0.1936
21-15-3,ISRLU,SSE,300,0.01,0.5,99.79%, 0.1896
21-20-3,ISRLU,SSE,300,0.01,0.5,99.57%, 0.1890
21-12-3,ISRLU,SSE,500,0.01,0.5,99.79%, 0.1911
21-15-3,ISRLU,SSE,500,0.01,0.5,100.00%, 0.1861
21-20-3,ISRLU,SSE,500,0.01,0.5,99.57%, 0.1981
21-12-3,ISRLU,SSE,300,0.01,0.5,99.79%, 0.1966
21-15-3,ISRLU,SSE,300,0.01,0.5,99.79%, 0.1902
21-20-3,ISRLU,SSE,300,0.01,0.5,99.79%, 0.1871
21-12-3,ISRLU,SSE,500,0.01,0.75,98.30%, 0.2003
21-15-3,ISRLU,SSE,500,0.01,0.75,98.94%, 0.1988
21-20-3,ISRLU,SSE,500,0.01,0.75,99.57%, 0.1902
21-12-3,ISRLU,SSE,300,0.01,0.75,100.00%, 0.1911
21-15-3,ISRLU,SSE,300,0.01,0.75,99.57%, 0.1878
21-20-3,ISRLU,SSE,300,0.01,0.75,99.57%, 0.1934
21-12-3,ISRLU,SSE,500,0.01,0.75,99.79%, 0.1861
21-15-3,ISRLU,SSE,500,0.01,0.75,99.79%, 0.1903
21-20-3,ISRLU,SSE,500,0.01,0.75,100.00%, 0.1856
21-12-3,ISRLU,SSE,300,0.01,0.75,99.79%, 0.1897
21-15-3,ISRLU,SSE,300,0.01,0.75,99.57%, 0.1879
21-20-3,ISRLU,SSE,300,0.01,0.75,99.79%, 0.1892
21-12-3,ISRLU,SSE,500,0.01,0.95,100.00%, 0.1838
21-15-3,ISRLU,SSE,500,0.01,0.95,99.79%, 0.1889
21-20-3,ISRLU,SSE,500,0.01,0.95,99.79%, 0.1891
21-12-3,ISRLU,SSE,300,0.01,0.95,99.57%, 0.1907
21-15-3,ISRLU,SSE,300,0.01,0.95,99.79%, 0.1948
21-20-3,ISRLU,SSE,300,0.01,0.95,99.79%, 0.1921
21-12-3,ISRLU,SSE,500,0.01,0.95,99.57%, 0.1874
21-15-3,ISRLU,SSE,500,0.01,0.95,99.79%, 0.1887
21-20-3,ISRLU,SSE,500,0.01,0.95,100.00%, 0.1882
21-12-3,ISRLU,SSE,300,0.01,0.95,99.79%, 0.1845
21-15-3,ISRLU,SSE,300,0.01,0.95,99.57%, 0.1903
21-20-3,ISRLU,SSE,300,0.01,0.95,99.79%, 0.1895
21-12-3,ISRLU,SSE,500,0.001,0.5,99.79%, 0.2027
21-15-3,ISRLU,SSE,500,0.001,0.5,99.79%, 0.1966
21-20-3,ISRLU,SSE,500,0.001,0.5,99.57%, 0.1992
21-12-3,ISRLU,SSE,300,0.001,0.5,99.15%, 0.2042
21-15-3,ISRLU,SSE,300,0.001,0.5,98.72%, 0.2032
21-20-3,ISRLU,SSE,300,0.001,0.5,98.30%, 0.2006
21-12-3,ISRLU,SSE,500,0.001,0.5,99.79%, 0.1962
21-15-3,ISRLU,SSE,500,0.001,0.5,99.57%, 0.2008
21-20-3,ISRLU,SSE,500,0.001,0.5,99.57%, 0.1987
21-12-3,ISRLU,SSE,300,0.001,0.5,99.36%, 0.2007
21-15-3,ISRLU,SSE,300,0.001,0.5,98.72%, 0.2044
21-20-3,ISRLU,SSE,300,0.001,0.5,98.94%, 0.2049
21-12-3,ISRLU,SSE,500,0.001,0.75,99.15%, 0.2008
21-15-3,ISRLU,SSE,500,0.001,0.75,98.30%, 0.1995
21-20-3,ISRLU,SSE,500,0.001,0.75,99.57%, 0.1985
21-12-3,ISRLU,SSE,300,0.001,0.75,97.66%, 0.2075
21-15-3,ISRLU,SSE,300,0.001,0.75,98.72%, 0.2059
21-20-3,ISRLU,SSE,300,0.001,0.75,99.57%, 0.2006
21-12-3,ISRLU,SSE,500,0.001,0.75,99.57%, 0.2005
21-15-3,ISRLU,SSE,500,0.001,0.75,99.57%, 0.2010
21-20-3,ISRLU,SSE,500,0.001,0.75,99.57%, 0.1974
21-12-3,ISRLU,SSE,300,0.001,0.75,99.15%, 0.2042
21-15-3,ISRLU,SSE,300,0.001,0.75,99.57%, 0.2016
21-20-3,ISRLU,SSE,300,0.001,0.75,99.57%, 0.2014
21-12-3,ISRLU,SSE,500,0.001,0.95,98.94%, 0.2030
21-15-3,ISRLU,SSE,500,0.001,0.95,99.79%, 0.2012
21-20-3,ISRLU,SSE,500,0.001,0.95,99.15%, 0.2006
21-12-3,ISRLU,SSE,300,0.001,0.95,99.15%, 0.2069
21-15-3,ISRLU,SSE,300,0.001,0.95,99.57%, 0.2039
21-20-3,ISRLU,SSE,300,0.001,0.95,98.72%, 0.2041
21-12-3,ISRLU,SSE,500,0.001,0.95,98.94%, 0.1980
21-15-3,ISRLU,SSE,500,0.001,0.95,99.57%, 0.2008
21-20-3,ISRLU,SSE,500,0.001,0.95,99.79%, 0.1999
21-12-3,ISRLU,SSE,300,0.001,0.95,99.57%, 0.2041
21-15-3,ISRLU,SSE,300,0.001,0.95,98.94%, 0.2055
21-20-3,ISRLU,SSE,300,0.001,0.95,98.94%, 0.2052
21-12-3,ISRLU,SSE,500,1.0E-4,0.5,94.04%, 0.2313
21-15-3,ISRLU,SSE,500,1.0E-4,0.5,91.91%, 0.2366
21-20-3,ISRLU,SSE,500,1.0E-4,0.5,91.70%, 0.2378
21-12-3,ISRLU,SSE,300,1.0E-4,0.5,73.19%, 0.2893
21-15-3,ISRLU,SSE,300,1.0E-4,0.5,88.09%, 0.2583
21-20-3,ISRLU,SSE,300,1.0E-4,0.5,90.64%, 0.2448
21-12-3,ISRLU,SSE,500,1.0E-4,0.5,89.79%, 0.2463
21-15-3,ISRLU,SSE,500,1.0E-4,0.5,88.51%, 0.2642
21-20-3,ISRLU,SSE,500,1.0E-4,0.5,90.43%, 0.2426
21-12-3,ISRLU,SSE,300,1.0E-4,0.5,85.32%, 0.2542
21-15-3,ISRLU,SSE,300,1.0E-4,0.5,87.02%, 0.2573
21-20-3,ISRLU,SSE,300,1.0E-4,0.5,87.45%, 0.2485
21-12-3,ISRLU,SSE,500,1.0E-4,0.75,89.57%, 0.2379
21-15-3,ISRLU,SSE,500,1.0E-4,0.75,95.11%, 0.2296
21-20-3,ISRLU,SSE,500,1.0E-4,0.75,88.09%, 0.2513
21-12-3,ISRLU,SSE,300,1.0E-4,0.75,88.09%, 0.2460
21-15-3,ISRLU,SSE,300,1.0E-4,0.75,90.21%, 0.2501
21-20-3,ISRLU,SSE,300,1.0E-4,0.75,90.64%, 0.2428
21-12-3,ISRLU,SSE,500,1.0E-4,0.75,76.38%, 0.2819
21-15-3,ISRLU,SSE,500,1.0E-4,0.75,91.28%, 0.2259
21-20-3,ISRLU,SSE,500,1.0E-4,0.75,96.38%, 0.2248
21-12-3,ISRLU,SSE,300,1.0E-4,0.75,86.17%, 0.2629
21-15-3,ISRLU,SSE,300,1.0E-4,0.75,83.62%, 0.2552
21-20-3,ISRLU,SSE,300,1.0E-4,0.75,87.23%, 0.2476
21-12-3,ISRLU,SSE,500,1.0E-4,0.95,97.45%, 0.2184
21-15-3,ISRLU,SSE,500,1.0E-4,0.95,91.28%, 0.2335
21-20-3,ISRLU,SSE,500,1.0E-4,0.95,94.47%, 0.2154
21-12-3,ISRLU,SSE,300,1.0E-4,0.95,92.77%, 0.2278
21-15-3,ISRLU,SSE,300,1.0E-4,0.95,89.15%, 0.2446
21-20-3,ISRLU,SSE,300,1.0E-4,0.95,88.30%, 0.2450
21-12-3,ISRLU,SSE,500,1.0E-4,0.95,85.32%, 0.2674
21-15-3,ISRLU,SSE,500,1.0E-4,0.95,88.09%, 0.2436
21-20-3,ISRLU,SSE,500,1.0E-4,0.95,95.32%, 0.2311
21-12-3,ISRLU,SSE,300,1.0E-4,0.95,88.30%, 0.2475
21-15-3,ISRLU,SSE,300,1.0E-4,0.95,75.32%, 0.2865
21-20-3,ISRLU,SSE,300,1.0E-4,0.95,90.43%, 0.2482
21-12-3,TANH,CEE,500,0.01,0.5,100.00%, 0.2372
21-15-3,TANH,CEE,500,0.01,0.5,100.00%, 0.2377
21-20-3,TANH,CEE,500,0.01,0.5,100.00%, 0.2377
21-12-3,TANH,CEE,300,0.01,0.5,100.00%, 0.2377
21-15-3,TANH,CEE,300,0.01,0.5,100.00%, 0.2373
21-20-3,TANH,CEE,300,0.01,0.5,100.00%, 0.2377
21-12-3,TANH,CEE,500,0.01,0.5,100.00%, 0.2377
21-15-3,TANH,CEE,500,0.01,0.5,100.00%, 0.2377
21-20-3,TANH,CEE,500,0.01,0.5,100.00%, 0.2377
21-12-3,TANH,CEE,300,0.01,0.5,100.00%, 0.2373
21-15-3,TANH,CEE,300,0.01,0.5,100.00%, 0.2377
21-20-3,TANH,CEE,300,0.01,0.5,100.00%, 0.2377
21-12-3,TANH,CEE,500,0.01,0.75,100.00%, 0.2372
21-15-3,TANH,CEE,500,0.01,0.75,100.00%, 0.2376
21-20-3,TANH,CEE,500,0.01,0.75,100.00%, 0.2372
21-12-3,TANH,CEE,300,0.01,0.75,100.00%, 0.2372
21-15-3,TANH,CEE,300,0.01,0.75,100.00%, 0.2376
21-20-3,TANH,CEE,300,0.01,0.75,100.00%, 0.2372
21-12-3,TANH,CEE,500,0.01,0.75,100.00%, 0.2376
21-15-3,TANH,CEE,500,0.01,0.75,100.00%, 0.2376
21-15-3,TANH,CEE,300,0.01,0.75,82.34%, 0.2852
21-20-3,TANH,CEE,500,0.01,0.75,100.00%, 0.2372
21-12-3,TANH,CEE,300,0.01,0.75,82.34%, 0.2852
21-20-3,TANH,CEE,300,0.01,0.75,100.00%, 0.2376
21-12-3,TANH,CEE,500,0.01,0.95,82.34%, 0.2851
21-15-3,TANH,CEE,500,0.01,0.95,100.00%, 0.2376
21-20-3,TANH,CEE,500,0.01,0.95,100.00%, 0.2372
21-12-3,TANH,CEE,300,0.01,0.95,82.34%, 0.2851
21-15-3,TANH,CEE,300,0.01,0.95,100.00%, 0.2372
21-20-3,TANH,CEE,300,0.01,0.95,100.00%, 0.2376
21-12-3,TANH,CEE,500,0.01,0.95,100.00%, 0.2376
21-15-3,TANH,CEE,500,0.01,0.95,100.00%, 0.2372
21-20-3,TANH,CEE,500,0.01,0.95,100.00%, 0.2376
21-12-3,TANH,CEE,300,0.01,0.95,100.00%, 0.2372
21-15-3,TANH,CEE,300,0.01,0.95,100.00%, 0.2376
21-20-3,TANH,CEE,300,0.01,0.95,100.00%, 0.2372
21-12-3,TANH,CEE,500,0.001,0.5,100.00%, 0.2381
21-15-3,TANH,CEE,500,0.001,0.5,100.00%, 0.2381
21-20-3,TANH,CEE,500,0.001,0.5,100.00%, 0.2385
21-12-3,TANH,CEE,300,0.001,0.5,100.00%, 0.2394
21-15-3,TANH,CEE,300,0.001,0.5,100.00%, 0.2394
21-20-3,TANH,CEE,300,0.001,0.5,100.00%, 0.2392
21-12-3,TANH,CEE,500,0.001,0.5,100.00%, 0.2381
21-15-3,TANH,CEE,500,0.001,0.5,100.00%, 0.2380
21-20-3,TANH,CEE,500,0.001,0.5,100.00%, 0.2380
21-12-3,TANH,CEE,300,0.001,0.5,82.98%, 0.2819
21-15-3,TANH,CEE,300,0.001,0.5,100.00%, 0.2395
21-20-3,TANH,CEE,300,0.001,0.5,100.00%, 0.2396
21-12-3,TANH,CEE,500,0.001,0.75,100.00%, 0.2377
21-15-3,TANH,CEE,500,0.001,0.75,82.34%, 0.2834
21-20-3,TANH,CEE,500,0.001,0.75,100.00%, 0.2378
21-12-3,TANH,CEE,300,0.001,0.75,100.00%, 0.2383
21-15-3,TANH,CEE,300,0.001,0.75,100.00%, 0.2386
21-20-3,TANH,CEE,300,0.001,0.75,100.00%, 0.2384
21-12-3,TANH,CEE,500,0.001,0.75,100.00%, 0.2377
21-15-3,TANH,CEE,500,0.001,0.75,100.00%, 0.2378
21-20-3,TANH,CEE,500,0.001,0.75,100.00%, 0.2378
21-12-3,TANH,CEE,300,0.001,0.75,100.00%, 0.2384
21-15-3,TANH,CEE,300,0.001,0.75,100.00%, 0.2388
21-20-3,TANH,CEE,300,0.001,0.75,100.00%, 0.2383
21-12-3,TANH,CEE,500,0.001,0.95,100.00%, 0.2377
21-15-3,TANH,CEE,500,0.001,0.95,100.00%, 0.2377
21-20-3,TANH,CEE,500,0.001,0.95,100.00%, 0.2377
21-12-3,TANH,CEE,300,0.001,0.95,100.00%, 0.2380
21-15-3,TANH,CEE,300,0.001,0.95,82.34%, 0.2831
21-20-3,TANH,CEE,300,0.001,0.95,100.00%, 0.2381
21-12-3,TANH,CEE,500,0.001,0.95,100.00%, 0.2377
21-15-3,TANH,CEE,500,0.001,0.95,100.00%, 0.2377
21-20-3,TANH,CEE,500,0.001,0.95,100.00%, 0.2376
21-12-3,TANH,CEE,300,0.001,0.95,100.00%, 0.2382
21-15-3,TANH,CEE,300,0.001,0.95,100.00%, 0.2380
21-20-3,TANH,CEE,300,0.001,0.95,100.00%, 0.2381
21-12-3,TANH,CEE,500,1.0E-4,0.5,81.28%, 0.2648
21-15-3,TANH,CEE,500,1.0E-4,0.5,86.60%, 0.2698
21-20-3,TANH,CEE,500,1.0E-4,0.5,96.17%, 0.2606
21-12-3,TANH,CEE,300,1.0E-4,0.5,80.21%, 0.2877
21-15-3,TANH,CEE,300,1.0E-4,0.5,75.32%, 0.3015
21-20-3,TANH,CEE,300,1.0E-4,0.5,80.00%, 0.2826
21-12-3,TANH,CEE,500,1.0E-4,0.5,95.53%, 0.2587
21-15-3,TANH,CEE,500,1.0E-4,0.5,81.70%, 0.2874
21-20-3,TANH,CEE,500,1.0E-4,0.5,90.00%, 0.2728
21-12-3,TANH,CEE,300,1.0E-4,0.5,83.40%, 0.2870
21-15-3,TANH,CEE,300,1.0E-4,0.5,77.23%, 0.2946
21-20-3,TANH,CEE,300,1.0E-4,0.5,78.30%, 0.2897
21-12-3,TANH,CEE,500,1.0E-4,0.75,93.40%, 0.2711
21-15-3,TANH,CEE,500,1.0E-4,0.75,91.91%, 0.2612
21-20-3,TANH,CEE,500,1.0E-4,0.75,92.77%, 0.2678
21-12-3,TANH,CEE,300,1.0E-4,0.75,79.79%, 0.2782
21-15-3,TANH,CEE,300,1.0E-4,0.75,84.47%, 0.2767
21-20-3,TANH,CEE,300,1.0E-4,0.75,78.09%, 0.2896
21-12-3,TANH,CEE,500,1.0E-4,0.75,92.34%, 0.2636
21-15-3,TANH,CEE,500,1.0E-4,0.75,82.77%, 0.2766
21-20-3,TANH,CEE,500,1.0E-4,0.75,96.38%, 0.2637
21-12-3,TANH,CEE,300,1.0E-4,0.75,79.79%, 0.3000
21-15-3,TANH,CEE,300,1.0E-4,0.75,74.89%, 0.3032
21-20-3,TANH,CEE,300,1.0E-4,0.75,77.87%, 0.2846
21-12-3,TANH,CEE,500,1.0E-4,0.95,81.70%, 0.2845
21-15-3,TANH,CEE,500,1.0E-4,0.95,81.70%, 0.2855
21-20-3,TANH,CEE,500,1.0E-4,0.95,90.00%, 0.2635
21-12-3,TANH,CEE,300,1.0E-4,0.95,80.85%, 0.2908
21-15-3,TANH,CEE,300,1.0E-4,0.95,80.85%, 0.2914
21-20-3,TANH,CEE,300,1.0E-4,0.95,77.66%, 0.3007
21-12-3,TANH,CEE,500,1.0E-4,0.95,79.79%, 0.2808
21-15-3,TANH,CEE,500,1.0E-4,0.95,95.11%, 0.2675
21-20-3,TANH,CEE,500,1.0E-4,0.95,97.23%, 0.2590
21-12-3,TANH,CEE,300,1.0E-4,0.95,82.77%, 0.2895
21-15-3,TANH,CEE,300,1.0E-4,0.95,79.57%, 0.2870
21-20-3,TANH,CEE,300,1.0E-4,0.95,80.43%, 0.2961
21-12-3,TANH,MSE,500,0.01,0.5,100.00%, 0.1900
21-15-3,TANH,MSE,500,0.01,0.5,100.00%, 0.1868
21-20-3,TANH,MSE,500,0.01,0.5,100.00%, 0.1866
21-12-3,TANH,MSE,300,0.01,0.5,100.00%, 0.1871
21-15-3,TANH,MSE,300,0.01,0.5,100.00%, 0.1870
21-20-3,TANH,MSE,300,0.01,0.5,99.79%, 0.1960
21-12-3,TANH,MSE,500,0.01,0.5,100.00%, 0.1859
21-15-3,TANH,MSE,500,0.01,0.5,100.00%, 0.1866
21-20-3,TANH,MSE,500,0.01,0.5,100.00%, 0.1861
21-12-3,TANH,MSE,300,0.01,0.5,100.00%, 0.1871
21-15-3,TANH,MSE,300,0.01,0.5,100.00%, 0.1881
21-20-3,TANH,MSE,300,0.01,0.5,100.00%, 0.1874
21-12-3,TANH,MSE,500,0.01,0.75,100.00%, 0.1860
21-15-3,TANH,MSE,500,0.01,0.75,100.00%, 0.1859
21-20-3,TANH,MSE,500,0.01,0.75,100.00%, 0.1859
21-12-3,TANH,MSE,300,0.01,0.75,100.00%, 0.1873
21-15-3,TANH,MSE,300,0.01,0.75,100.00%, 0.1867
21-20-3,TANH,MSE,300,0.01,0.75,100.00%, 0.1877
21-12-3,TANH,MSE,500,0.01,0.75,100.00%, 0.1886
21-15-3,TANH,MSE,500,0.01,0.75,100.00%, 0.1860
21-20-3,TANH,MSE,500,0.01,0.75,100.00%, 0.1859
21-12-3,TANH,MSE,300,0.01,0.75,100.00%, 0.1871
21-15-3,TANH,MSE,300,0.01,0.75,100.00%, 0.1870
21-20-3,TANH,MSE,300,0.01,0.75,100.00%, 0.1864
21-12-3,TANH,MSE,500,0.01,0.95,100.00%, 0.1859
21-15-3,TANH,MSE,500,0.01,0.95,100.00%, 0.1866
21-20-3,TANH,MSE,500,0.01,0.95,100.00%, 0.1929
21-12-3,TANH,MSE,300,0.01,0.95,100.00%, 0.1868
21-15-3,TANH,MSE,300,0.01,0.95,100.00%, 0.1870
21-20-3,TANH,MSE,300,0.01,0.95,100.00%, 0.1867
21-12-3,TANH,MSE,500,0.01,0.95,100.00%, 0.1858
21-15-3,TANH,MSE,500,0.01,0.95,100.00%, 0.1858
21-20-3,TANH,MSE,500,0.01,0.95,100.00%, 0.1859
21-12-3,TANH,MSE,300,0.01,0.95,100.00%, 0.1868
21-15-3,TANH,MSE,300,0.01,0.95,100.00%, 0.1868
21-20-3,TANH,MSE,300,0.01,0.95,100.00%, 0.1866
21-12-3,TANH,MSE,500,0.001,0.5,100.00%, 0.1980
21-15-3,TANH,MSE,500,0.001,0.5,99.79%, 0.1996
21-20-3,TANH,MSE,500,0.001,0.5,99.79%, 0.1984
21-12-3,TANH,MSE,300,0.001,0.5,99.79%, 0.2077
21-15-3,TANH,MSE,300,0.001,0.5,97.66%, 0.2124
21-20-3,TANH,MSE,300,0.001,0.5,99.57%, 0.2071
21-12-3,TANH,MSE,500,0.001,0.5,100.00%, 0.2010
21-15-3,TANH,MSE,500,0.001,0.5,99.79%, 0.2032
21-20-3,TANH,MSE,500,0.001,0.5,99.79%, 0.2011
21-12-3,TANH,MSE,300,0.001,0.5,99.36%, 0.2071
21-15-3,TANH,MSE,300,0.001,0.5,99.79%, 0.2047
21-20-3,TANH,MSE,300,0.001,0.5,99.15%, 0.2132
21-12-3,TANH,MSE,500,0.001,0.75,98.30%, 0.2047
21-15-3,TANH,MSE,500,0.001,0.75,100.00%, 0.1990
21-20-3,TANH,MSE,500,0.001,0.75,100.00%, 0.1973
21-12-3,TANH,MSE,300,0.001,0.75,99.79%, 0.2079
21-15-3,TANH,MSE,300,0.001,0.75,98.30%, 0.2080
21-20-3,TANH,MSE,300,0.001,0.75,99.79%, 0.2038
21-12-3,TANH,MSE,500,0.001,0.75,100.00%, 0.2006
21-15-3,TANH,MSE,500,0.001,0.75,100.00%, 0.2012
21-20-3,TANH,MSE,500,0.001,0.75,99.79%, 0.1991
21-12-3,TANH,MSE,300,0.001,0.75,99.79%, 0.2042
21-15-3,TANH,MSE,300,0.001,0.75,99.36%, 0.2089
21-20-3,TANH,MSE,300,0.001,0.75,99.79%, 0.2042
21-12-3,TANH,MSE,500,0.001,0.95,100.00%, 0.1975
21-15-3,TANH,MSE,500,0.001,0.95,100.00%, 0.1975
21-20-3,TANH,MSE,500,0.001,0.95,100.00%, 0.1987
21-12-3,TANH,MSE,300,0.001,0.95,99.79%, 0.2046
21-15-3,TANH,MSE,300,0.001,0.95,99.79%, 0.2034
21-20-3,TANH,MSE,300,0.001,0.95,99.79%, 0.2062
21-12-3,TANH,MSE,500,0.001,0.95,100.00%, 0.1983
21-15-3,TANH,MSE,500,0.001,0.95,100.00%, 0.1994
21-20-3,TANH,MSE,500,0.001,0.95,100.00%, 0.1973
21-12-3,TANH,MSE,300,0.001,0.95,99.79%, 0.2031
21-15-3,TANH,MSE,300,0.001,0.95,99.79%, 0.2045
21-20-3,TANH,MSE,300,0.001,0.95,99.79%, 0.2137
21-12-3,TANH,MSE,500,1.0E-4,0.5,83.83%, 0.2655
21-15-3,TANH,MSE,500,1.0E-4,0.5,74.68%, 0.2818
21-20-3,TANH,MSE,500,1.0E-4,0.5,81.06%, 0.2777
21-12-3,TANH,MSE,300,1.0E-4,0.5,70.85%, 0.2858
21-15-3,TANH,MSE,300,1.0E-4,0.5,75.32%, 0.2834
21-20-3,TANH,MSE,300,1.0E-4,0.5,82.77%, 0.2732
21-12-3,TANH,MSE,500,1.0E-4,0.5,77.02%, 0.2867
21-15-3,TANH,MSE,500,1.0E-4,0.5,84.26%, 0.2647
21-20-3,TANH,MSE,500,1.0E-4,0.5,76.60%, 0.2727
21-12-3,TANH,MSE,300,1.0E-4,0.5,67.66%, 0.3002
21-15-3,TANH,MSE,300,1.0E-4,0.5,81.70%, 0.2744
21-20-3,TANH,MSE,300,1.0E-4,0.5,73.62%, 0.2861
21-12-3,TANH,MSE,500,1.0E-4,0.75,74.26%, 0.2866
21-15-3,TANH,MSE,500,1.0E-4,0.75,71.28%, 0.2848
21-15-3,TANH,MSE,300,1.0E-4,0.75,80.43%, 0.2813
21-20-3,TANH,MSE,300,1.0E-4,0.75,80.00%, 0.2775
21-12-3,TANH,MSE,500,1.0E-4,0.75,77.66%, 0.2804
21-20-3,TANH,MSE,500,1.0E-4,0.75,74.89%, 0.2819
21-12-3,TANH,MSE,300,1.0E-4,0.75,79.79%, 0.2836
21-15-3,TANH,MSE,500,1.0E-4,0.75,67.02%, 0.2906
21-20-3,TANH,MSE,500,1.0E-4,0.75,80.64%, 0.2809
21-12-3,TANH,MSE,300,1.0E-4,0.75,76.38%, 0.2843
21-15-3,TANH,MSE,300,1.0E-4,0.75,66.81%, 0.2924
21-20-3,TANH,MSE,300,1.0E-4,0.75,71.70%, 0.2886
21-12-3,TANH,MSE,500,1.0E-4,0.95,81.28%, 0.2651
21-15-3,TANH,MSE,500,1.0E-4,0.95,86.81%, 0.2599
21-20-3,TANH,MSE,500,1.0E-4,0.95,80.64%, 0.2720
21-12-3,TANH,MSE,300,1.0E-4,0.95,78.72%, 0.2884
21-15-3,TANH,MSE,300,1.0E-4,0.95,69.57%, 0.2872
21-20-3,TANH,MSE,300,1.0E-4,0.95,77.87%, 0.2735
21-12-3,TANH,MSE,500,1.0E-4,0.95,88.30%, 0.2662
21-15-3,TANH,MSE,500,1.0E-4,0.95,65.96%, 0.2888
21-20-3,TANH,MSE,500,1.0E-4,0.95,83.40%, 0.2688
21-12-3,TANH,MSE,300,1.0E-4,0.95,69.57%, 0.2889
21-15-3,TANH,MSE,300,1.0E-4,0.95,72.55%, 0.2922
21-20-3,TANH,MSE,300,1.0E-4,0.95,77.66%, 0.2828
21-12-3,TANH,SSE,500,0.01,0.5,100.00%, 0.1886
21-15-3,TANH,SSE,500,0.01,0.5,100.00%, 0.1860
21-20-3,TANH,SSE,500,0.01,0.5,100.00%, 0.1860
21-12-3,TANH,SSE,300,0.01,0.5,100.00%, 0.1871
21-15-3,TANH,SSE,300,0.01,0.5,100.00%, 0.1871
21-20-3,TANH,SSE,300,0.01,0.5,100.00%, 0.1870
21-12-3,TANH,SSE,500,0.01,0.5,100.00%, 0.1860
21-15-3,TANH,SSE,500,0.01,0.5,100.00%, 0.1857
21-20-3,TANH,SSE,500,0.01,0.5,100.00%, 0.1859
21-12-3,TANH,SSE,300,0.01,0.5,100.00%, 0.1873
21-15-3,TANH,SSE,300,0.01,0.5,100.00%, 0.1869
21-20-3,TANH,SSE,300,0.01,0.5,100.00%, 0.1869
21-12-3,TANH,SSE,500,0.01,0.75,100.00%, 0.1858
21-15-3,TANH,SSE,500,0.01,0.75,100.00%, 0.1859
21-20-3,TANH,SSE,500,0.01,0.75,100.00%, 0.1859
21-12-3,TANH,SSE,300,0.01,0.75,100.00%, 0.1907
21-15-3,TANH,SSE,300,0.01,0.75,100.00%, 0.1888
21-20-3,TANH,SSE,300,0.01,0.75,100.00%, 0.1870
21-12-3,TANH,SSE,500,0.01,0.75,100.00%, 0.1860
21-15-3,TANH,SSE,500,0.01,0.75,100.00%, 0.1860
21-20-3,TANH,SSE,500,0.01,0.75,100.00%, 0.1859
21-12-3,TANH,SSE,300,0.01,0.75,100.00%, 0.1874
21-15-3,TANH,SSE,300,0.01,0.75,100.00%, 0.1869
21-20-3,TANH,SSE,300,0.01,0.75,100.00%, 0.1863
21-12-3,TANH,SSE,500,0.01,0.95,100.00%, 0.1859
21-15-3,TANH,SSE,500,0.01,0.95,100.00%, 0.1858
21-20-3,TANH,SSE,500,0.01,0.95,100.00%, 0.1857
21-12-3,TANH,SSE,300,0.01,0.95,100.00%, 0.1868
21-15-3,TANH,SSE,300,0.01,0.95,100.00%, 0.1864
21-20-3,TANH,SSE,300,0.01,0.95,100.00%, 0.1876
21-12-3,TANH,SSE,500,0.01,0.95,100.00%, 0.1863
21-15-3,TANH,SSE,500,0.01,0.95,100.00%, 0.1857
21-20-3,TANH,SSE,500,0.01,0.95,100.00%, 0.1859
21-12-3,TANH,SSE,300,0.01,0.95,100.00%, 0.1867
21-15-3,TANH,SSE,300,0.01,0.95,100.00%, 0.1870
21-20-3,TANH,SSE,300,0.01,0.95,100.00%, 0.1870
21-12-3,TANH,SSE,500,0.001,0.5,99.79%, 0.2050
21-15-3,TANH,SSE,500,0.001,0.5,99.79%, 0.1983
21-20-3,TANH,SSE,500,0.001,0.5,100.00%, 0.1981
21-12-3,TANH,SSE,300,0.001,0.5,99.79%, 0.2038
21-15-3,TANH,SSE,300,0.001,0.5,99.79%, 0.2051
21-20-3,TANH,SSE,300,0.001,0.5,99.36%, 0.2077
21-12-3,TANH,SSE,500,0.001,0.5,99.79%, 0.2030
21-15-3,TANH,SSE,500,0.001,0.5,99.79%, 0.1990
21-20-3,TANH,SSE,500,0.001,0.5,100.00%, 0.1978
21-12-3,TANH,SSE,300,0.001,0.5,99.79%, 0.2071
21-15-3,TANH,SSE,300,0.001,0.5,99.79%, 0.2127
21-20-3,TANH,SSE,300,0.001,0.5,99.79%, 0.2040
21-12-3,TANH,SSE,500,0.001,0.75,99.79%, 0.2052
21-15-3,TANH,SSE,500,0.001,0.75,100.00%, 0.2031
21-20-3,TANH,SSE,500,0.001,0.75,100.00%, 0.1976
21-12-3,TANH,SSE,300,0.001,0.75,99.79%, 0.2104
21-15-3,TANH,SSE,300,0.001,0.75,99.79%, 0.2043
21-20-3,TANH,SSE,300,0.001,0.75,98.09%, 0.2061
21-12-3,TANH,SSE,500,0.001,0.75,100.00%, 0.1981
21-15-3,TANH,SSE,500,0.001,0.75,99.79%, 0.1981
21-20-3,TANH,SSE,500,0.001,0.75,99.79%, 0.2010
21-12-3,TANH,SSE,300,0.001,0.75,99.79%, 0.2071
21-15-3,TANH,SSE,300,0.001,0.75,99.79%, 0.2033
21-20-3,TANH,SSE,300,0.001,0.75,99.79%, 0.2044
21-12-3,TANH,SSE,500,0.001,0.95,99.79%, 0.2007
21-15-3,TANH,SSE,500,0.001,0.95,100.00%, 0.1976
21-20-3,TANH,SSE,500,0.001,0.95,100.00%, 0.2011
21-12-3,TANH,SSE,300,0.001,0.95,97.45%, 0.2147
21-15-3,TANH,SSE,300,0.001,0.95,98.30%, 0.2082
21-20-3,TANH,SSE,300,0.001,0.95,99.79%, 0.2042
21-12-3,TANH,SSE,500,0.001,0.95,99.79%, 0.2013
21-15-3,TANH,SSE,500,0.001,0.95,100.00%, 0.1972
21-20-3,TANH,SSE,500,0.001,0.95,99.79%, 0.1998
21-12-3,TANH,SSE,300,0.001,0.95,99.79%, 0.2037
21-15-3,TANH,SSE,300,0.001,0.95,97.45%, 0.2134
21-20-3,TANH,SSE,300,0.001,0.95,99.79%, 0.2121
21-12-3,TANH,SSE,500,1.0E-4,0.5,84.68%, 0.2671
21-15-3,TANH,SSE,500,1.0E-4,0.5,79.15%, 0.2754
21-20-3,TANH,SSE,500,1.0E-4,0.5,75.11%, 0.2861
21-12-3,TANH,SSE,300,1.0E-4,0.5,80.00%, 0.2836
21-15-3,TANH,SSE,300,1.0E-4,0.5,77.02%, 0.2835
21-20-3,TANH,SSE,300,1.0E-4,0.5,79.36%, 0.2821
21-12-3,TANH,SSE,500,1.0E-4,0.5,78.51%, 0.2739
21-15-3,TANH,SSE,500,1.0E-4,0.5,82.55%, 0.2767
21-20-3,TANH,SSE,500,1.0E-4,0.5,85.11%, 0.2647
21-12-3,TANH,SSE,300,1.0E-4,0.5,79.36%, 0.2773
21-15-3,TANH,SSE,300,1.0E-4,0.5,73.40%, 0.2861
21-20-3,TANH,SSE,300,1.0E-4,0.5,72.55%, 0.2794
21-12-3,TANH,SSE,500,1.0E-4,0.75,82.77%, 0.2664
21-15-3,TANH,SSE,500,1.0E-4,0.75,72.98%, 0.2812
21-20-3,TANH,SSE,500,1.0E-4,0.75,65.32%, 0.2893
21-12-3,TANH,SSE,300,1.0E-4,0.75,72.98%, 0.2908
21-15-3,TANH,SSE,300,1.0E-4,0.75,71.06%, 0.2884
21-20-3,TANH,SSE,300,1.0E-4,0.75,75.53%, 0.2836
21-12-3,TANH,SSE,500,1.0E-4,0.75,67.66%, 0.2888
21-15-3,TANH,SSE,500,1.0E-4,0.75,82.34%, 0.2738
21-20-3,TANH,SSE,500,1.0E-4,0.75,84.89%, 0.2630
21-12-3,TANH,SSE,300,1.0E-4,0.75,65.32%, 0.2925
21-15-3,TANH,SSE,300,1.0E-4,0.75,67.87%, 0.2894
21-20-3,TANH,SSE,300,1.0E-4,0.75,66.17%, 0.2889
21-12-3,TANH,SSE,500,1.0E-4,0.95,85.74%, 0.2636
21-15-3,TANH,SSE,500,1.0E-4,0.95,80.85%, 0.2691
21-20-3,TANH,SSE,500,1.0E-4,0.95,79.15%, 0.2839
21-12-3,TANH,SSE,300,1.0E-4,0.95,72.13%, 0.3045
21-15-3,TANH,SSE,300,1.0E-4,0.95,79.57%, 0.2845
21-20-3,TANH,SSE,300,1.0E-4,0.95,79.36%, 0.2857
21-12-3,TANH,SSE,500,1.0E-4,0.95,75.11%, 0.2855
21-15-3,TANH,SSE,500,1.0E-4,0.95,68.09%, 0.2872
21-20-3,TANH,SSE,500,1.0E-4,0.95,82.98%, 0.2713
21-12-3,TANH,SSE,300,1.0E-4,0.95,67.45%, 0.2882
21-15-3,TANH,SSE,300,1.0E-4,0.95,71.28%, 0.2991
21-20-3,TANH,SSE,300,1.0E-4,0.95,74.47%, 0.3000
21-12-3,RELU,CEE,500,0.01,0.5,74.47%, 0.3158
21-15-3,RELU,CEE,500,0.01,0.5,73.40%, 0.3019
21-20-3,RELU,CEE,500,0.01,0.5,99.57%, 0.1879
21-12-3,RELU,CEE,300,0.01,0.5,90.85%, 0.2198
21-15-3,RELU,CEE,300,0.01,0.5,17.66%, NaN
21-20-3,RELU,CEE,300,0.01,0.5,92.98%, 0.2066
21-12-3,RELU,CEE,500,0.01,0.5,95.32%, 0.2035
21-15-3,RELU,CEE,500,0.01,0.5,85.96%, 0.2724
21-20-3,RELU,CEE,500,0.01,0.5,99.36%, 0.1855
21-12-3,RELU,CEE,300,0.01,0.5,17.66%, NaN
21-15-3,RELU,CEE,300,0.01,0.5,99.15%, 0.1906
21-20-3,RELU,CEE,300,0.01,0.5,99.36%, 0.1883
21-12-3,RELU,CEE,500,0.01,0.75,100.00%, 0.1841
21-15-3,RELU,CEE,500,0.01,0.75,98.30%, 0.1945
21-20-3,RELU,CEE,500,0.01,0.75,17.66%, NaN
21-12-3,RELU,CEE,300,0.01,0.75,94.68%, 0.2004
21-15-3,RELU,CEE,300,0.01,0.75,74.47%, 0.3005
21-20-3,RELU,CEE,300,0.01,0.75,100.00%, 0.1839
21-12-3,RELU,CEE,500,0.01,0.75,99.79%, 0.1864
21-15-3,RELU,CEE,500,0.01,0.75,17.66%, NaN
21-20-3,RELU,CEE,500,0.01,0.75,84.04%, 0.2669
21-12-3,RELU,CEE,300,0.01,0.75,17.66%, NaN
21-15-3,RELU,CEE,300,0.01,0.75,17.66%, NaN
21-20-3,RELU,CEE,300,0.01,0.75,17.66%, NaN
21-12-3,RELU,CEE,500,0.01,0.95,73.83%, 0.3010
21-15-3,RELU,CEE,500,0.01,0.95,17.66%, NaN
21-20-3,RELU,CEE,500,0.01,0.95,98.09%, 0.1975
21-12-3,RELU,CEE,300,0.01,0.95,74.68%, 0.2967
21-15-3,RELU,CEE,300,0.01,0.95,17.66%, NaN
21-20-3,RELU,CEE,300,0.01,0.95,99.15%, 0.1979
21-12-3,RELU,CEE,500,0.01,0.95,90.85%, 0.2176
21-15-3,RELU,CEE,500,0.01,0.95,17.66%, NaN
21-20-3,RELU,CEE,500,0.01,0.95,73.62%, 0.2981
21-12-3,RELU,CEE,300,0.01,0.95,17.66%, NaN
21-15-3,RELU,CEE,300,0.01,0.95,100.00%, 0.1839
21-20-3,RELU,CEE,300,0.01,0.95,99.79%, 0.1889
21-12-3,RELU,CEE,500,0.001,0.5,85.96%, 0.2434
21-15-3,RELU,CEE,500,0.001,0.5,90.85%, 0.2215
21-20-3,RELU,CEE,500,0.001,0.5,98.72%, 0.1960
21-12-3,RELU,CEE,300,0.001,0.5,87.66%, 0.2165
21-15-3,RELU,CEE,300,0.001,0.5,17.66%, NaN
21-20-3,RELU,CEE,300,0.001,0.5,100.00%, 0.1847
21-12-3,RELU,CEE,500,0.001,0.5,94.47%, 0.2119
21-15-3,RELU,CEE,500,0.001,0.5,17.66%, NaN
21-20-3,RELU,CEE,500,0.001,0.5,100.00%, 0.1843
21-12-3,RELU,CEE,300,0.001,0.5,17.66%, NaN
21-15-3,RELU,CEE,300,0.001,0.5,100.00%, 0.1849
21-20-3,RELU,CEE,300,0.001,0.5,98.09%, 0.1980
21-12-3,RELU,CEE,500,0.001,0.75,17.66%, NaN
21-15-3,RELU,CEE,500,0.001,0.75,94.68%, 0.2295
21-20-3,RELU,CEE,500,0.001,0.75,100.00%, 0.1845
21-12-3,RELU,CEE,300,0.001,0.75,94.04%, 0.2095
21-15-3,RELU,CEE,300,0.001,0.75,98.51%, 0.2051
21-20-3,RELU,CEE,300,0.001,0.75,99.36%, 0.1894
21-12-3,RELU,CEE,500,0.001,0.75,79.15%, 0.2688
21-15-3,RELU,CEE,500,0.001,0.75,100.00%, 0.1877
21-20-3,RELU,CEE,500,0.001,0.75,17.66%, NaN
21-12-3,RELU,CEE,300,0.001,0.75,100.00%, 0.1877
21-15-3,RELU,CEE,300,0.001,0.75,17.66%, NaN
21-20-3,RELU,CEE,300,0.001,0.75,100.00%, 0.1848
21-12-3,RELU,CEE,500,0.001,0.95,97.45%, 0.2019
21-15-3,RELU,CEE,500,0.001,0.95,100.00%, 0.1843
21-20-3,RELU,CEE,500,0.001,0.95,99.79%, 0.1902
21-12-3,RELU,CEE,300,0.001,0.95,75.53%, 0.2995
21-15-3,RELU,CEE,300,0.001,0.95,100.00%, 0.1853
21-20-3,RELU,CEE,300,0.001,0.95,81.28%, 0.2685
21-12-3,RELU,CEE,500,0.001,0.95,77.02%, 0.2954
21-15-3,RELU,CEE,500,0.001,0.95,17.66%, NaN
21-20-3,RELU,CEE,500,0.001,0.95,99.79%, 0.1936
21-12-3,RELU,CEE,300,0.001,0.95,95.96%, 0.1972
21-15-3,RELU,CEE,300,0.001,0.95,17.66%, NaN
21-20-3,RELU,CEE,300,0.001,0.95,17.66%, NaN
21-12-3,RELU,CEE,500,1.0E-4,0.5,95.11%, 0.2099
21-15-3,RELU,CEE,500,1.0E-4,0.5,17.66%, NaN
21-20-3,RELU,CEE,500,1.0E-4,0.5,65.32%, 0.3290
21-12-3,RELU,CEE,300,1.0E-4,0.5,17.66%, NaN
21-15-3,RELU,CEE,300,1.0E-4,0.5,92.77%, 0.2121
21-20-3,RELU,CEE,300,1.0E-4,0.5,92.77%, 0.2331
21-12-3,RELU,CEE,500,1.0E-4,0.5,79.57%, 0.3031
21-15-3,RELU,CEE,500,1.0E-4,0.5,98.72%, 0.1970
21-20-3,RELU,CEE,500,1.0E-4,0.5,71.91%, 0.3180
21-12-3,RELU,CEE,300,1.0E-4,0.5,93.40%, 0.2151
21-15-3,RELU,CEE,300,1.0E-4,0.5,72.77%, 0.3252
21-20-3,RELU,CEE,300,1.0E-4,0.5,71.91%, 0.2726
21-12-3,RELU,CEE,500,1.0E-4,0.75,93.40%, 0.2367
21-15-3,RELU,CEE,500,1.0E-4,0.75,79.79%, 0.2837
21-20-3,RELU,CEE,500,1.0E-4,0.75,17.66%, NaN
21-12-3,RELU,CEE,300,1.0E-4,0.75,91.06%, 0.2299
21-15-3,RELU,CEE,300,1.0E-4,0.75,73.19%, 0.3044
21-20-3,RELU,CEE,300,1.0E-4,0.75,73.40%, 0.3027
21-12-3,RELU,CEE,500,1.0E-4,0.75,98.94%, 0.1997
21-15-3,RELU,CEE,500,1.0E-4,0.75,98.72%, 0.2006
21-20-3,RELU,CEE,500,1.0E-4,0.75,98.09%, 0.1942
21-12-3,RELU,CEE,300,1.0E-4,0.75,94.68%, 0.2129
21-15-3,RELU,CEE,300,1.0E-4,0.75,69.36%, 0.3161
21-20-3,RELU,CEE,300,1.0E-4,0.75,69.79%, 0.3236
21-12-3,RELU,CEE,500,1.0E-4,0.95,17.66%, NaN
21-15-3,RELU,CEE,500,1.0E-4,0.95,69.36%, 0.3169
21-20-3,RELU,CEE,500,1.0E-4,0.95,81.06%, 0.2857
21-12-3,RELU,CEE,300,1.0E-4,0.95,81.28%, 0.2730
21-15-3,RELU,CEE,300,1.0E-4,0.95,96.81%, 0.2075
21-20-3,RELU,CEE,300,1.0E-4,0.95,92.55%, 0.2192
21-12-3,RELU,CEE,500,1.0E-4,0.95,17.66%, NaN
21-15-3,RELU,CEE,500,1.0E-4,0.95,93.83%, 0.2126
21-20-3,RELU,CEE,500,1.0E-4,0.95,71.06%, 0.3074
21-12-3,RELU,CEE,300,1.0E-4,0.95,95.32%, 0.2276
21-15-3,RELU,CEE,300,1.0E-4,0.95,93.62%, 0.2512
21-20-3,RELU,CEE,300,1.0E-4,0.95,98.30%, 0.2026
21-12-3,RELU,MSE,500,0.01,0.5,17.66%, NaN
21-15-3,RELU,MSE,500,0.01,0.5,17.66%, NaN
21-20-3,RELU,MSE,500,0.01,0.5,17.66%, NaN
21-12-3,RELU,MSE,300,0.01,0.5,70.64%, 0.2836
21-15-3,RELU,MSE,300,0.01,0.5,71.49%, 0.2685
21-20-3,RELU,MSE,300,0.01,0.5,97.87%, 0.1990
21-12-3,RELU,MSE,500,0.01,0.5,17.66%, NaN
21-15-3,RELU,MSE,500,0.01,0.5,17.66%, NaN
21-20-3,RELU,MSE,500,0.01,0.5,17.66%, NaN
21-12-3,RELU,MSE,300,0.01,0.5,17.66%, NaN
21-15-3,RELU,MSE,300,0.01,0.5,17.66%, NaN
21-20-3,RELU,MSE,300,0.01,0.5,99.57%, 0.1997
21-12-3,RELU,MSE,500,0.01,0.75,17.66%, NaN
21-15-3,RELU,MSE,500,0.01,0.75,17.66%, NaN
21-20-3,RELU,MSE,500,0.01,0.75,96.38%, 0.2109
21-12-3,RELU,MSE,300,0.01,0.75,96.38%, 0.2097
21-15-3,RELU,MSE,300,0.01,0.75,95.32%, 0.2035
21-20-3,RELU,MSE,300,0.01,0.75,17.66%, NaN
21-12-3,RELU,MSE,500,0.01,0.75,17.66%, NaN
21-15-3,RELU,MSE,500,0.01,0.75,17.66%, NaN
21-20-3,RELU,MSE,500,0.01,0.75,73.83%, 0.2736
21-12-3,RELU,MSE,300,0.01,0.75,98.72%, 0.2008
21-15-3,RELU,MSE,300,0.01,0.75,17.66%, NaN
21-20-3,RELU,MSE,300,0.01,0.75,17.66%, NaN
21-12-3,RELU,MSE,500,0.01,0.95,97.23%, 0.2040
21-15-3,RELU,MSE,500,0.01,0.95,92.98%, 0.2250
21-20-3,RELU,MSE,500,0.01,0.95,17.66%, NaN
21-12-3,RELU,MSE,300,0.01,0.95,17.66%, NaN
21-15-3,RELU,MSE,300,0.01,0.95,98.94%, 0.2000
21-20-3,RELU,MSE,300,0.01,0.95,17.66%, NaN
21-12-3,RELU,MSE,500,0.01,0.95,95.11%, 0.2099
21-15-3,RELU,MSE,500,0.01,0.95,17.66%, NaN
21-20-3,RELU,MSE,500,0.01,0.95,17.66%, NaN
21-12-3,RELU,MSE,300,0.01,0.95,98.09%, 0.2027
21-15-3,RELU,MSE,300,0.01,0.95,17.66%, NaN
21-20-3,RELU,MSE,300,0.01,0.95,17.66%, NaN
21-12-3,RELU,MSE,500,0.001,0.5,97.87%, 0.2073
21-15-3,RELU,MSE,500,0.001,0.5,17.66%, NaN
21-20-3,RELU,MSE,500,0.001,0.5,97.66%, 0.1963
21-12-3,RELU,MSE,300,0.001,0.5,99.15%, 0.2002
21-15-3,RELU,MSE,300,0.001,0.5,17.66%, NaN
21-20-3,RELU,MSE,300,0.001,0.5,86.38%, 0.2501
21-12-3,RELU,MSE,500,0.001,0.5,92.98%, 0.2275
21-15-3,RELU,MSE,500,0.001,0.5,97.65%, 0.2079
21-20-3,RELU,MSE,500,0.001,0.5,93.83%, 0.2104
21-12-3,RELU,MSE,300,0.001,0.5,17.66%, NaN
21-15-3,RELU,MSE,300,0.001,0.5,99.15%, 0.2054
21-20-3,RELU,MSE,300,0.001,0.5,90.00%, 0.2432
21-12-3,RELU,MSE,500,0.001,0.75,96.81%, 0.2128
21-15-3,RELU,MSE,500,0.001,0.75,97.02%, 0.2058
21-20-3,RELU,MSE,500,0.001,0.75,99.36%, 0.1995
21-12-3,RELU,MSE,300,0.001,0.75,81.70%, 0.2663
21-15-3,RELU,MSE,300,0.001,0.75,97.23%, 0.2043
21-20-3,RELU,MSE,300,0.001,0.75,84.89%, 0.2581
21-12-3,RELU,MSE,500,0.001,0.75,86.17%, 0.2468
21-15-3,RELU,MSE,500,0.001,0.75,69.85%, 0.3098
21-20-3,RELU,MSE,500,0.001,0.75,98.09%, 0.2030
21-12-3,RELU,MSE,300,0.001,0.75,80.80%, 0.2521
21-15-3,RELU,MSE,300,0.001,0.75,89.15%, 0.2394
21-20-3,RELU,MSE,300,0.001,0.75,93.19%, 0.2193
21-12-3,RELU,MSE,500,0.001,0.95,99.15%, 0.2027
21-15-3,RELU,MSE,500,0.001,0.95,98.30%, 0.2079
21-20-3,RELU,MSE,500,0.001,0.95,90.43%, 0.2357
21-12-3,RELU,MSE,300,0.001,0.95,97.66%, 0.2075
21-15-3,RELU,MSE,300,0.001,0.95,94.04%, 0.2143
21-20-3,RELU,MSE,300,0.001,0.95,71.91%, 0.2881
21-12-3,RELU,MSE,500,0.001,0.95,99.57%, 0.2013
21-15-3,RELU,MSE,500,0.001,0.95,95.74%, 0.2130
21-20-3,RELU,MSE,500,0.001,0.95,92.34%, 0.2302
21-12-3,RELU,MSE,300,0.001,0.95,17.66%, NaN
21-15-3,RELU,MSE,300,0.001,0.95,96.60%, 0.2092
21-20-3,RELU,MSE,300,0.001,0.95,99.36%, 0.2007
21-12-3,RELU,MSE,500,1.0E-4,0.5,76.60%, 0.2720
21-15-3,RELU,MSE,500,1.0E-4,0.5,97.23%, 0.2155
21-20-3,RELU,MSE,500,1.0E-4,0.5,88.72%, 0.2385
21-12-3,RELU,MSE,300,1.0E-4,0.5,75.53%, 0.2849
21-15-3,RELU,MSE,300,1.0E-4,0.5,77.23%, 0.2853
21-20-3,RELU,MSE,300,1.0E-4,0.5,85.74%, 0.2615
21-12-3,RELU,MSE,500,1.0E-4,0.5,88.51%, 0.2414
21-15-3,RELU,MSE,500,1.0E-4,0.5,95.74%, 0.2165
21-20-3,RELU,MSE,500,1.0E-4,0.5,93.40%, 0.2216
21-12-3,RELU,MSE,300,1.0E-4,0.5,68.30%, 0.2960
21-15-3,RELU,MSE,300,1.0E-4,0.5,93.19%, 0.2219
21-20-3,RELU,MSE,300,1.0E-4,0.5,92.55%, 0.2318
21-12-3,RELU,MSE,500,1.0E-4,0.75,84.26%, 0.2633
21-15-3,RELU,MSE,500,1.0E-4,0.75,82.98%, 0.2610
21-20-3,RELU,MSE,500,1.0E-4,0.75,81.28%, 0.2689
21-12-3,RELU,MSE,300,1.0E-4,0.75,88.09%, 0.2446
21-15-3,RELU,MSE,300,1.0E-4,0.75,86.38%, 0.2712
21-20-3,RELU,MSE,300,1.0E-4,0.75,93.62%, 0.2337
21-12-3,RELU,MSE,500,1.0E-4,0.75,70.21%, 0.3035
21-15-3,RELU,MSE,500,1.0E-4,0.75,76.60%, 0.2905
21-20-3,RELU,MSE,500,1.0E-4,0.75,86.38%, 0.2415
21-12-3,RELU,MSE,300,1.0E-4,0.75,91.06%, 0.2427
21-15-3,RELU,MSE,300,1.0E-4,0.75,77.23%, 0.2850
21-20-3,RELU,MSE,300,1.0E-4,0.75,88.72%, 0.2443
21-12-3,RELU,MSE,500,1.0E-4,0.95,97.87%, 0.2078
21-15-3,RELU,MSE,500,1.0E-4,0.95,94.89%, 0.2248
21-20-3,RELU,MSE,500,1.0E-4,0.95,94.89%, 0.2354
21-12-3,RELU,MSE,300,1.0E-4,0.95,88.09%, 0.2651
21-15-3,RELU,MSE,300,1.0E-4,0.95,94.89%, 0.2231
21-20-3,RELU,MSE,300,1.0E-4,0.95,95.74%, 0.2381
21-12-3,RELU,MSE,500,1.0E-4,0.95,80.00%, 0.2823
21-15-3,RELU,MSE,500,1.0E-4,0.95,88.94%, 0.2452
21-20-3,RELU,MSE,500,1.0E-4,0.95,76.60%, 0.2796
21-12-3,RELU,MSE,300,1.0E-4,0.95,85.74%, 0.2531
21-15-3,RELU,MSE,300,1.0E-4,0.95,43.19%, 0.3449
21-20-3,RELU,MSE,300,1.0E-4,0.95,91.70%, 0.2257
21-12-3,RELU,SSE,500,0.01,0.5,17.66%, NaN
21-15-3,RELU,SSE,500,0.01,0.5,17.66%, NaN
21-20-3,RELU,SSE,500,0.01,0.5,96.38%, 0.1948
21-12-3,RELU,SSE,300,0.01,0.5,85.53%, 0.2526
21-15-3,RELU,SSE,300,0.01,0.5,94.26%, 0.2188
21-20-3,RELU,SSE,300,0.01,0.5,92.77%, 0.2321
21-12-3,RELU,SSE,300,0.01,0.5,96.81%, 0.2065
21-15-3,RELU,SSE,300,0.01,0.5,98.09%, 0.1991
21-12-3,RELU,SSE,500,0.01,0.5,17.66%, NaN
21-15-3,RELU,SSE,500,0.01,0.5,98.72%, 0.2035
21-20-3,RELU,SSE,500,0.01,0.5,17.66%, NaN
21-20-3,RELU,SSE,300,0.01,0.5,92.98%, 0.2108
21-12-3,RELU,SSE,500,0.01,0.75,17.66%, NaN
21-15-3,RELU,SSE,500,0.01,0.75,17.66%, NaN
21-20-3,RELU,SSE,500,0.01,0.75,17.66%, NaN
21-12-3,RELU,SSE,300,0.01,0.75,80.21%, 0.2635
21-15-3,RELU,SSE,300,0.01,0.75,17.66%, NaN
21-20-3,RELU,SSE,300,0.01,0.75,17.66%, NaN
21-12-3,RELU,SSE,500,0.01,0.75,17.66%, NaN
21-15-3,RELU,SSE,500,0.01,0.75,17.66%, NaN
21-20-3,RELU,SSE,500,0.01,0.75,17.66%, NaN
21-12-3,RELU,SSE,300,0.01,0.75,17.66%, NaN
21-15-3,RELU,SSE,300,0.01,0.75,68.94%, 0.2825
21-20-3,RELU,SSE,300,0.01,0.75,17.66%, NaN
21-12-3,RELU,SSE,500,0.01,0.95,98.51%, 0.2005
21-15-3,RELU,SSE,500,0.01,0.95,17.66%, NaN
21-20-3,RELU,SSE,500,0.01,0.95,65.32%, 0.3270
21-12-3,RELU,SSE,300,0.01,0.95,97.02%, 0.2029
21-15-3,RELU,SSE,300,0.01,0.95,17.66%, NaN
21-20-3,RELU,SSE,300,0.01,0.95,95.96%, 0.2047
21-12-3,RELU,SSE,500,0.01,0.95,17.66%, NaN
21-15-3,RELU,SSE,500,0.01,0.95,94.89%, 0.2090
21-20-3,RELU,SSE,500,0.01,0.95,17.66%, NaN
21-12-3,RELU,SSE,300,0.01,0.95,65.32%, 0.3270
21-15-3,RELU,SSE,300,0.01,0.95,78.94%, 0.2623
21-20-3,RELU,SSE,300,0.01,0.95,17.66%, NaN
21-12-3,RELU,SSE,500,0.001,0.5,17.66%, NaN
21-15-3,RELU,SSE,500,0.001,0.5,97.45%, 0.2072
21-20-3,RELU,SSE,500,0.001,0.5,17.66%, NaN
21-12-3,RELU,SSE,300,0.001,0.5,98.30%, 0.1996
21-15-3,RELU,SSE,300,0.001,0.5,98.72%, 0.2068
21-20-3,RELU,SSE,300,0.001,0.5,75.27%, 0.2897
21-12-3,RELU,SSE,500,0.001,0.5,17.66%, NaN
21-15-3,RELU,SSE,500,0.001,0.5,95.74%, 0.2153
21-20-3,RELU,SSE,500,0.001,0.5,89.79%, 0.2401
21-12-3,RELU,SSE,300,0.001,0.5,98.94%, 0.2030
21-15-3,RELU,SSE,300,0.001,0.5,96.60%, 0.2028
21-20-3,RELU,SSE,300,0.001,0.5,17.66%, NaN
21-12-3,RELU,SSE,500,0.001,0.75,98.51%, 0.2045
21-15-3,RELU,SSE,500,0.001,0.75,77.45%, 0.2694
21-20-3,RELU,SSE,500,0.001,0.75,98.72%, 0.1975
21-12-3,RELU,SSE,300,0.001,0.75,92.34%, 0.2188
21-15-3,RELU,SSE,300,0.001,0.75,75.74%, 0.2576
21-20-3,RELU,SSE,300,0.001,0.75,99.36%, 0.1982
21-12-3,RELU,SSE,500,0.001,0.75,88.72%, 0.2365
21-15-3,RELU,SSE,500,0.001,0.75,17.66%, NaN
21-20-3,RELU,SSE,500,0.001,0.75,79.36%, 0.2657
21-12-3,RELU,SSE,300,0.001,0.75,99.15%, 0.2006
21-15-3,RELU,SSE,300,0.001,0.75,17.66%, NaN
21-20-3,RELU,SSE,300,0.001,0.75,99.57%, 0.2026
21-12-3,RELU,SSE,500,0.001,0.95,91.28%, 0.2379
21-15-3,RELU,SSE,500,0.001,0.95,96.81%, 0.2168
21-20-3,RELU,SSE,500,0.001,0.95,99.57%, 0.1989
21-12-3,RELU,SSE,300,0.001,0.95,81.28%, 0.2416
21-15-3,RELU,SSE,300,0.001,0.95,98.30%, 0.2022
21-20-3,RELU,SSE,300,0.001,0.95,93.19%, 0.2193
21-12-3,RELU,SSE,500,0.001,0.95,91.70%, 0.2332
21-15-3,RELU,SSE,500,0.001,0.95,98.94%, 0.2066
21-20-3,RELU,SSE,500,0.001,0.95,17.66%, NaN
21-12-3,RELU,SSE,300,0.001,0.95,97.45%, 0.2074
21-15-3,RELU,SSE,300,0.001,0.95,97.02%, 0.2110
21-20-3,RELU,SSE,300,0.001,0.95,97.23%, 0.2085
21-12-3,RELU,SSE,500,1.0E-4,0.5,76.60%, 0.2841
21-20-3,RELU,SSE,500,1.0E-4,0.5,85.53%, 0.2751
21-12-3,RELU,SSE,300,1.0E-4,0.5,84.89%, 0.2635
21-15-3,RELU,SSE,300,1.0E-4,0.5,88.94%, 0.2415
21-15-3,RELU,SSE,500,1.0E-4,0.5,79.36%, 0.2779
21-20-3,RELU,SSE,300,1.0E-4,0.5,88.72%, 0.2586
21-12-3,RELU,SSE,500,1.0E-4,0.5,78.94%, 0.2709
21-15-3,RELU,SSE,500,1.0E-4,0.5,96.60%, 0.2218
21-20-3,RELU,SSE,500,1.0E-4,0.5,93.62%, 0.2204
21-12-3,RELU,SSE,300,1.0E-4,0.5,91.91%, 0.2356
21-15-3,RELU,SSE,300,1.0E-4,0.5,78.09%, 0.2726
21-20-3,RELU,SSE,300,1.0E-4,0.5,93.62%, 0.2385
21-12-3,RELU,SSE,500,1.0E-4,0.75,80.00%, 0.2831
21-15-3,RELU,SSE,500,1.0E-4,0.75,95.11%, 0.2121
21-20-3,RELU,SSE,500,1.0E-4,0.75,96.60%, 0.2233
21-12-3,RELU,SSE,300,1.0E-4,0.75,82.34%, 0.2742
21-15-3,RELU,SSE,300,1.0E-4,0.75,80.00%, 0.2826
21-20-3,RELU,SSE,300,1.0E-4,0.75,89.57%, 0.2433
21-12-3,RELU,SSE,500,1.0E-4,0.75,77.66%, 0.2765
21-15-3,RELU,SSE,500,1.0E-4,0.75,92.34%, 0.2440
21-20-3,RELU,SSE,500,1.0E-4,0.75,87.87%, 0.2358
21-12-3,RELU,SSE,300,1.0E-4,0.75,75.32%, 0.2753
21-15-3,RELU,SSE,300,1.0E-4,0.75,84.04%, 0.2611
21-20-3,RELU,SSE,300,1.0E-4,0.75,83.62%, 0.2432
21-12-3,RELU,SSE,500,1.0E-4,0.95,81.28%, 0.2601
21-15-3,RELU,SSE,500,1.0E-4,0.95,96.17%, 0.2130
21-20-3,RELU,SSE,500,1.0E-4,0.95,92.77%, 0.2520
21-12-3,RELU,SSE,300,1.0E-4,0.95,81.28%, 0.2663
21-15-3,RELU,SSE,300,1.0E-4,0.95,80.64%, 0.2698
21-20-3,RELU,SSE,300,1.0E-4,0.95,75.74%, 0.2886
21-12-3,RELU,SSE,500,1.0E-4,0.95,89.36%, 0.2434
21-15-3,RELU,SSE,500,1.0E-4,0.95,78.94%, 0.2628
21-20-3,RELU,SSE,500,1.0E-4,0.95,92.34%, 0.2438
21-12-3,RELU,SSE,300,1.0E-4,0.95,79.15%, 0.2725
21-15-3,RELU,SSE,300,1.0E-4,0.95,85.53%, 0.2631
21-20-3,RELU,SSE,300,1.0E-4,0.95,77.66%, 0.2890
21-15-20-3,ISRLU,CEE,500,0.01,0.5,17.66%, NaN
21-20-45-3,ISRLU,CEE,500,0.01,0.5,95.11%, 0.2025
21-15-20-3,ISRLU,CEE,300,0.01,0.5,98.72%, 0.1971
21-20-45-3,ISRLU,CEE,300,0.01,0.5,94.68%, 0.2061
21-15-20-3,ISRLU,CEE,500,0.01,0.5,98.51%, 0.1913
21-20-45-3,ISRLU,CEE,500,0.01,0.5,99.57%, 0.1882
21-15-20-3,ISRLU,CEE,300,0.01,0.5,99.57%, 0.1907
21-20-45-3,ISRLU,CEE,300,0.01,0.5,98.30%, 0.2012
21-15-20-3,ISRLU,CEE,500,0.01,0.75,100.00%, 0.1839
21-20-45-3,ISRLU,CEE,500,0.01,0.75,17.66%, NaN
21-15-20-3,ISRLU,CEE,300,0.01,0.75,99.79%, 0.1872
21-20-45-3,ISRLU,CEE,300,0.01,0.75,93.40%, 0.2159
21-15-20-3,ISRLU,CEE,500,0.01,0.75,99.36%, 0.1932
21-20-45-3,ISRLU,CEE,500,0.01,0.75,95.96%, 0.1979
21-15-20-3,ISRLU,CEE,300,0.01,0.75,96.60%, 0.1963
21-20-45-3,ISRLU,CEE,300,0.01,0.75,90.21%, 0.2373
21-15-20-3,ISRLU,CEE,500,0.01,0.95,100.00%, 0.1847
21-20-45-3,ISRLU,CEE,500,0.01,0.95,95.32%, 0.2021
21-15-20-3,ISRLU,CEE,300,0.01,0.95,88.72%, 0.2261
21-20-45-3,ISRLU,CEE,300,0.01,0.95,17.66%, NaN
21-15-20-3,ISRLU,CEE,500,0.01,0.95,94.04%, 0.2118
21-20-45-3,ISRLU,CEE,500,0.01,0.95,98.30%, 0.1898
21-15-20-3,ISRLU,CEE,300,0.01,0.95,95.96%, 0.2037
21-20-45-3,ISRLU,CEE,300,0.01,0.95,95.53%, 0.1991
21-15-20-3,ISRLU,CEE,500,0.001,0.5,99.79%, 0.1906
21-20-45-3,ISRLU,CEE,500,0.001,0.5,17.66%, NaN
21-15-20-3,ISRLU,CEE,300,0.001,0.5,100.00%, 0.1850
21-20-45-3,ISRLU,CEE,300,0.001,0.5,93.40%, 0.2374
21-15-20-3,ISRLU,CEE,500,0.001,0.5,99.57%, 0.1935
21-20-45-3,ISRLU,CEE,500,0.001,0.5,96.17%, 0.2006
21-15-20-3,ISRLU,CEE,300,0.001,0.5,100.00%, 0.1887
21-20-45-3,ISRLU,CEE,300,0.001,0.5,100.00%, 0.1840
21-15-20-3,ISRLU,CEE,500,0.001,0.75,100.00%, 0.1840
21-20-45-3,ISRLU,CEE,500,0.001,0.75,100.00%, 0.1843
21-15-20-3,ISRLU,CEE,300,0.001,0.75,17.66%, NaN
21-20-45-3,ISRLU,CEE,300,0.001,0.75,98.94%, 0.1963
21-15-20-3,ISRLU,CEE,500,0.001,0.75,17.66%, NaN
21-20-45-3,ISRLU,CEE,500,0.001,0.75,100.00%, 0.1839
21-15-20-3,ISRLU,CEE,300,0.001,0.75,100.00%, 0.1841
21-20-45-3,ISRLU,CEE,300,0.001,0.75,99.79%, 0.1916
21-15-20-3,ISRLU,CEE,500,0.001,0.95,100.00%, 0.1840
21-20-45-3,ISRLU,CEE,500,0.001,0.95,17.66%, NaN
21-15-20-3,ISRLU,CEE,300,0.001,0.95,97.45%, 0.2107
21-20-45-3,ISRLU,CEE,300,0.001,0.95,100.00%, 0.1876
21-15-20-3,ISRLU,CEE,500,0.001,0.95,100.00%, 0.1840
21-20-45-3,ISRLU,CEE,500,0.001,0.95,100.00%, 0.1840
21-15-20-3,ISRLU,CEE,300,0.001,0.95,100.00%, 0.1840
21-20-45-3,ISRLU,CEE,300,0.001,0.95,100.00%, 0.1841
21-15-20-3,ISRLU,CEE,500,1.0E-4,0.5,99.79%, 0.1911
21-20-45-3,ISRLU,CEE,500,1.0E-4,0.5,95.32%, 0.2320
21-20-45-3,ISRLU,CEE,300,1.0E-4,0.5,90.85%, 0.2270
21-15-20-3,ISRLU,CEE,300,1.0E-4,0.5,17.66%, NaN
21-15-20-3,ISRLU,CEE,500,1.0E-4,0.5,99.57%, 0.1902
21-20-45-3,ISRLU,CEE,500,1.0E-4,0.5,97.23%, 0.2084
21-15-20-3,ISRLU,CEE,300,1.0E-4,0.5,94.89%, 0.2203
21-20-45-3,ISRLU,CEE,300,1.0E-4,0.5,97.87%, 0.2091
21-15-20-3,ISRLU,CEE,500,1.0E-4,0.75,98.09%, 0.1912
21-20-45-3,ISRLU,CEE,500,1.0E-4,0.75,100.00%, 0.1895
21-15-20-3,ISRLU,CEE,300,1.0E-4,0.75,99.79%, 0.1943
21-20-45-3,ISRLU,CEE,300,1.0E-4,0.75,99.36%, 0.1956
21-20-45-3,ISRLU,CEE,500,1.0E-4,0.75,99.79%, 0.1893
21-15-20-3,ISRLU,CEE,300,1.0E-4,0.75,99.57%, 0.1909
21-20-45-3,ISRLU,CEE,300,1.0E-4,0.75,99.15%, 0.1981
21-15-20-3,ISRLU,CEE,500,1.0E-4,0.95,99.79%, 0.1910
21-20-45-3,ISRLU,CEE,500,1.0E-4,0.95,17.66%, NaN
21-15-20-3,ISRLU,CEE,300,1.0E-4,0.95,90.21%, 0.2540
21-20-45-3,ISRLU,CEE,300,1.0E-4,0.95,100.00%, 0.1904
21-15-20-3,ISRLU,CEE,500,1.0E-4,0.75,100.00%, 0.1909
21-15-20-3,ISRLU,CEE,500,1.0E-4,0.95,97.45%, 0.2000
21-20-45-3,ISRLU,CEE,500,1.0E-4,0.95,100.00%, 0.1897
21-15-20-3,ISRLU,CEE,300,1.0E-4,0.95,99.79%, 0.1919
21-20-45-3,ISRLU,CEE,300,1.0E-4,0.95,99.79%, 0.1956
21-15-20-3,ISRLU,MSE,500,0.01,0.5,17.66%, NaN
21-20-45-3,ISRLU,MSE,500,0.01,0.5,95.74%, 0.2054
21-15-20-3,ISRLU,MSE,300,0.01,0.5,99.79%, 0.1851
21-20-45-3,ISRLU,MSE,300,0.01,0.5,100.00%, 0.1869
21-15-20-3,ISRLU,MSE,500,0.01,0.5,100.00%, 0.1835
21-20-45-3,ISRLU,MSE,500,0.01,0.5,100.00%, 0.1836
21-15-20-3,ISRLU,MSE,300,0.01,0.5,100.00%, 0.1907
21-20-45-3,ISRLU,MSE,300,0.01,0.5,100.00%, 0.1861
21-15-20-3,ISRLU,MSE,500,0.01,0.75,99.79%, 0.1877
21-20-45-3,ISRLU,MSE,500,0.01,0.75,100.00%, 0.1858
21-15-20-3,ISRLU,MSE,300,0.01,0.75,99.79%, 0.1907
21-20-45-3,ISRLU,MSE,300,0.01,0.75,99.79%, 0.1872
21-15-20-3,ISRLU,MSE,500,0.01,0.75,100.00%, 0.1856
21-20-45-3,ISRLU,MSE,500,0.01,0.75,100.00%, 0.1840
21-15-20-3,ISRLU,MSE,300,0.01,0.75,100.00%, 0.1861
21-20-45-3,ISRLU,MSE,300,0.01,0.75,99.79%, 0.1890
21-15-20-3,ISRLU,MSE,500,0.01,0.95,100.00%, 0.1866
21-20-45-3,ISRLU,MSE,500,0.01,0.95,100.00%, 0.1934
21-15-20-3,ISRLU,MSE,300,0.01,0.95,99.79%, 0.1873
21-20-45-3,ISRLU,MSE,300,0.01,0.95,99.79%, 0.1881
21-15-20-3,ISRLU,MSE,500,0.01,0.95,17.66%, NaN
21-20-45-3,ISRLU,MSE,500,0.01,0.95,100.00%, 0.1858
21-15-20-3,ISRLU,MSE,300,0.01,0.95,100.00%, 0.1863
21-20-45-3,ISRLU,MSE,300,0.01,0.95,100.00%, 0.1835
21-15-20-3,ISRLU,MSE,500,0.001,0.5,17.66%, NaN
21-20-45-3,ISRLU,MSE,500,0.001,0.5,99.79%, 0.1904
21-15-20-3,ISRLU,MSE,300,0.001,0.5,99.79%, 0.1968
21-20-45-3,ISRLU,MSE,300,0.001,0.5,99.79%, 0.1990
21-15-20-3,ISRLU,MSE,500,0.001,0.5,99.79%, 0.1926
21-20-45-3,ISRLU,MSE,500,0.001,0.5,99.57%, 0.1951
21-15-20-3,ISRLU,MSE,300,0.001,0.5,17.66%, NaN
21-20-45-3,ISRLU,MSE,300,0.001,0.5,99.79%, 0.1939
21-15-20-3,ISRLU,MSE,500,0.001,0.75,100.00%, 0.1932
21-20-45-3,ISRLU,MSE,500,0.001,0.75,99.57%, 0.1939
21-15-20-3,ISRLU,MSE,300,0.001,0.75,99.57%, 0.1942
21-20-45-3,ISRLU,MSE,300,0.001,0.75,17.66%, NaN
21-15-20-3,ISRLU,MSE,500,0.001,0.75,100.00%, 0.1928
21-20-45-3,ISRLU,MSE,500,0.001,0.75,100.00%, 0.1917
21-15-20-3,ISRLU,MSE,300,0.001,0.75,99.79%, 0.2009
21-20-45-3,ISRLU,MSE,300,0.001,0.75,99.57%, 0.1945
21-20-45-3,ISRLU,MSE,500,0.001,0.95,99.79%, 0.1881
21-15-20-3,ISRLU,MSE,300,0.001,0.95,99.57%, 0.2041
21-15-20-3,ISRLU,MSE,500,0.001,0.95,89.36%, 0.2478
21-20-45-3,ISRLU,MSE,300,0.001,0.95,100.00%, 0.1930
21-15-20-3,ISRLU,MSE,500,0.001,0.95,100.00%, 0.1959
21-20-45-3,ISRLU,MSE,500,0.001,0.95,99.79%, 0.1957
21-15-20-3,ISRLU,MSE,300,0.001,0.95,17.66%, NaN
21-20-45-3,ISRLU,MSE,300,0.001,0.95,100.00%, 0.1985
21-15-20-3,ISRLU,MSE,500,1.0E-4,0.5,94.04%, 0.2223
21-20-45-3,ISRLU,MSE,500,1.0E-4,0.5,98.30%, 0.2135
21-15-20-3,ISRLU,MSE,300,1.0E-4,0.5,94.26%, 0.2176
21-20-45-3,ISRLU,MSE,300,1.0E-4,0.5,91.91%, 0.2372
21-15-20-3,ISRLU,MSE,500,1.0E-4,0.5,98.51%, 0.2099
21-20-45-3,ISRLU,MSE,500,1.0E-4,0.5,97.87%, 0.2178
21-15-20-3,ISRLU,MSE,300,1.0E-4,0.5,88.51%, 0.2557
21-20-45-3,ISRLU,MSE,300,1.0E-4,0.5,96.81%, 0.2135
21-15-20-3,ISRLU,MSE,500,1.0E-4,0.75,92.77%, 0.2136
21-20-45-3,ISRLU,MSE,500,1.0E-4,0.75,97.45%, 0.2123
21-15-20-3,ISRLU,MSE,300,1.0E-4,0.75,86.38%, 0.2656
21-20-45-3,ISRLU,MSE,300,1.0E-4,0.75,17.66%, NaN
21-15-20-3,ISRLU,MSE,500,1.0E-4,0.75,94.89%, 0.2224
21-20-45-3,ISRLU,MSE,500,1.0E-4,0.75,96.60%, 0.2132
21-15-20-3,ISRLU,MSE,300,1.0E-4,0.75,90.00%, 0.2358
21-20-45-3,ISRLU,MSE,300,1.0E-4,0.75,93.40%, 0.2365
21-15-20-3,ISRLU,MSE,500,1.0E-4,0.95,92.55%, 0.2320
21-20-45-3,ISRLU,MSE,500,1.0E-4,0.95,98.09%, 0.2106
21-15-20-3,ISRLU,MSE,300,1.0E-4,0.95,91.70%, 0.2366
21-20-45-3,ISRLU,MSE,300,1.0E-4,0.95,90.85%, 0.2367
21-15-20-3,ISRLU,MSE,500,1.0E-4,0.95,97.02%, 0.2118
21-20-45-3,ISRLU,MSE,500,1.0E-4,0.95,98.30%, 0.2082
21-15-20-3,ISRLU,MSE,300,1.0E-4,0.95,86.17%, 0.2450
21-20-45-3,ISRLU,MSE,300,1.0E-4,0.95,95.11%, 0.2320
21-15-20-3,ISRLU,SSE,500,0.01,0.5,100.00%, 0.1852
21-20-45-3,ISRLU,SSE,500,0.01,0.5,100.00%, 0.1850
21-15-20-3,ISRLU,SSE,300,0.01,0.5,100.00%, 0.1843
21-20-45-3,ISRLU,SSE,300,0.01,0.5,17.66%, NaN
21-15-20-3,ISRLU,SSE,500,0.01,0.5,100.00%, 0.1827
21-20-45-3,ISRLU,SSE,500,0.01,0.5,100.00%, 0.1865
21-15-20-3,ISRLU,SSE,300,0.01,0.5,100.00%, 0.1845
21-20-45-3,ISRLU,SSE,300,0.01,0.5,17.66%, NaN
21-15-20-3,ISRLU,SSE,500,0.01,0.75,100.00%, 0.1851
21-20-45-3,ISRLU,SSE,500,0.01,0.75,100.00%, 0.1841
21-15-20-3,ISRLU,SSE,300,0.01,0.75,100.00%, 0.1853
21-20-45-3,ISRLU,SSE,300,0.01,0.75,17.66%, NaN
21-15-20-3,ISRLU,SSE,500,0.01,0.75,99.36%, 0.1916
21-20-45-3,ISRLU,SSE,500,0.01,0.75,100.00%, 0.1842
21-15-20-3,ISRLU,SSE,300,0.01,0.75,100.00%, 0.1842
21-20-45-3,ISRLU,SSE,300,0.01,0.75,100.00%, 0.1843
21-15-20-3,ISRLU,SSE,500,0.01,0.95,100.00%, 0.1819
21-20-45-3,ISRLU,SSE,500,0.01,0.95,17.66%, NaN
21-15-20-3,ISRLU,SSE,300,0.01,0.95,99.79%, 0.1925
21-20-45-3,ISRLU,SSE,300,0.01,0.95,100.00%, 0.1844
21-15-20-3,ISRLU,SSE,500,0.01,0.95,100.00%, 0.1878
21-20-45-3,ISRLU,SSE,500,0.01,0.95,100.00%, 0.1860
21-15-20-3,ISRLU,SSE,300,0.01,0.95,100.00%, 0.1854
21-20-45-3,ISRLU,SSE,300,0.01,0.95,100.00%, 0.1893
21-15-20-3,ISRLU,SSE,500,0.001,0.5,99.79%, 0.1942
21-20-45-3,ISRLU,SSE,500,0.001,0.5,17.66%, NaN
21-15-20-3,ISRLU,SSE,300,0.001,0.5,17.66%, NaN
21-20-45-3,ISRLU,SSE,300,0.001,0.5,99.15%, 0.1991
21-15-20-3,ISRLU,SSE,500,0.001,0.5,99.79%, 0.1922
21-20-45-3,ISRLU,SSE,500,0.001,0.5,99.57%, 0.1911
21-15-20-3,ISRLU,SSE,300,0.001,0.5,99.57%, 0.1952
21-20-45-3,ISRLU,SSE,300,0.001,0.5,100.00%, 0.1948
21-15-20-3,ISRLU,SSE,500,0.001,0.75,99.79%, 0.1958
21-20-45-3,ISRLU,SSE,500,0.001,0.75,99.79%, 0.1919
21-15-20-3,ISRLU,SSE,300,0.001,0.75,99.79%, 0.1949
21-20-45-3,ISRLU,SSE,300,0.001,0.75,99.79%, 0.1969
21-15-20-3,ISRLU,SSE,500,0.001,0.75,99.57%, 0.1947
21-20-45-3,ISRLU,SSE,500,0.001,0.75,99.57%, 0.1899
21-15-20-3,ISRLU,SSE,300,0.001,0.75,99.15%, 0.1969
21-20-45-3,ISRLU,SSE,300,0.001,0.75,99.57%, 0.1968
21-15-20-3,ISRLU,SSE,500,0.001,0.95,100.00%, 0.1948
21-20-45-3,ISRLU,SSE,500,0.001,0.95,99.79%, 0.1931
21-15-20-3,ISRLU,SSE,300,0.001,0.95,100.00%, 0.1975
21-20-45-3,ISRLU,SSE,300,0.001,0.95,99.79%, 0.1966
21-15-20-3,ISRLU,SSE,500,0.001,0.95,99.57%, 0.1932
21-20-45-3,ISRLU,SSE,500,0.001,0.95,17.66%, NaN
21-15-20-3,ISRLU,SSE,300,0.001,0.95,99.79%, 0.1973
21-20-45-3,ISRLU,SSE,300,0.001,0.95,99.57%, 0.1951
21-15-20-3,ISRLU,SSE,500,1.0E-4,0.5,88.94%, 0.2419
21-20-45-3,ISRLU,SSE,500,1.0E-4,0.5,98.09%, 0.2081
21-15-20-3,ISRLU,SSE,300,1.0E-4,0.5,95.53%, 0.2216
21-20-45-3,ISRLU,SSE,300,1.0E-4,0.5,96.60%, 0.2133
21-15-20-3,ISRLU,SSE,500,1.0E-4,0.5,92.34%, 0.2395
21-20-45-3,ISRLU,SSE,500,1.0E-4,0.5,17.66%, NaN
21-15-20-3,ISRLU,SSE,300,1.0E-4,0.5,85.74%, 0.2503
21-20-45-3,ISRLU,SSE,300,1.0E-4,0.5,92.98%, 0.2321
21-15-20-3,ISRLU,SSE,500,1.0E-4,0.75,97.45%, 0.2158
21-20-45-3,ISRLU,SSE,500,1.0E-4,0.75,17.66%, NaN
21-15-20-3,ISRLU,SSE,300,1.0E-4,0.75,93.19%, 0.2300
21-20-45-3,ISRLU,SSE,300,1.0E-4,0.75,95.96%, 0.2191
21-15-20-3,ISRLU,SSE,500,1.0E-4,0.75,94.26%, 0.2213
21-20-45-3,ISRLU,SSE,500,1.0E-4,0.75,98.30%, 0.2104
21-15-20-3,ISRLU,SSE,300,1.0E-4,0.75,94.89%, 0.2214
21-20-45-3,ISRLU,SSE,300,1.0E-4,0.75,91.70%, 0.2340
21-15-20-3,ISRLU,SSE,500,1.0E-4,0.95,96.38%, 0.2200
21-20-45-3,ISRLU,SSE,500,1.0E-4,0.95,98.30%, 0.2140
21-15-20-3,ISRLU,SSE,300,1.0E-4,0.95,84.47%, 0.2602
21-20-45-3,ISRLU,SSE,300,1.0E-4,0.95,82.55%, 0.2657
21-15-20-3,ISRLU,SSE,500,1.0E-4,0.95,96.17%, 0.2133
21-20-45-3,ISRLU,SSE,500,1.0E-4,0.95,97.87%, 0.2165
21-15-20-3,ISRLU,SSE,300,1.0E-4,0.95,97.23%, 0.2092
21-20-45-3,ISRLU,SSE,300,1.0E-4,0.95,95.96%, 0.2170
21-15-20-3,TANH,CEE,500,0.01,0.5,82.34%, 0.2840
21-20-45-3,TANH,CEE,500,0.01,0.5,77.02%, 0.2926
21-15-20-3,TANH,CEE,300,0.01,0.5,82.34%, 0.2854
21-20-45-3,TANH,CEE,300,0.01,0.5,100.00%, 0.2377
21-15-20-3,TANH,CEE,500,0.01,0.5,82.34%, 0.2854
21-20-45-3,TANH,CEE,500,0.01,0.5,100.00%, 0.2377
21-15-20-3,TANH,CEE,300,0.01,0.5,82.34%, 0.2854
21-20-45-3,TANH,CEE,300,0.01,0.5,98.72%, 0.2420
21-15-20-3,TANH,CEE,500,0.01,0.75,82.34%, 0.2852
21-20-45-3,TANH,CEE,500,0.01,0.75,80.00%, 0.2883
21-15-20-3,TANH,CEE,300,0.01,0.75,82.34%, 0.2852
21-20-45-3,TANH,CEE,300,0.01,0.75,82.98%, 0.2822
21-15-20-3,TANH,CEE,500,0.01,0.75,100.00%, 0.2372
21-20-45-3,TANH,CEE,500,0.01,0.75,82.59%, 0.2818
21-15-20-3,TANH,CEE,300,0.01,0.75,65.32%, 0.3183
21-20-45-3,TANH,CEE,300,0.01,0.75,100.00%, 0.2372
21-15-20-3,TANH,CEE,500,0.01,0.95,100.00%, 0.2376
21-20-45-3,TANH,CEE,500,0.01,0.95,82.34%, 0.2851
21-15-20-3,TANH,CEE,300,0.01,0.95,82.34%, 0.2851
21-20-45-3,TANH,CEE,300,0.01,0.95,89.15%, 0.2603
21-15-20-3,TANH,CEE,500,0.01,0.95,90.64%, 0.2644
21-20-45-3,TANH,CEE,500,0.01,0.95,100.00%, 0.2372
21-15-20-3,TANH,CEE,300,0.01,0.95,82.34%, 0.2851
21-20-45-3,TANH,CEE,300,0.01,0.95,100.00%, 0.2376
21-15-20-3,TANH,CEE,500,0.001,0.5,100.00%, 0.2382
21-20-45-3,TANH,CEE,500,0.001,0.5,100.00%, 0.2381
21-15-20-3,TANH,CEE,300,0.001,0.5,100.00%, 0.2385
21-20-45-3,TANH,CEE,300,0.001,0.5,100.00%, 0.2387
21-15-20-3,TANH,CEE,500,0.001,0.5,100.00%, 0.2383
21-20-45-3,TANH,CEE,500,0.001,0.5,100.00%, 0.2381
21-15-20-3,TANH,CEE,300,0.001,0.5,100.00%, 0.2387
21-20-45-3,TANH,CEE,300,0.001,0.5,100.00%, 0.2389
21-15-20-3,TANH,CEE,500,0.001,0.75,100.00%, 0.2378
21-20-45-3,TANH,CEE,500,0.001,0.75,100.00%, 0.2378
21-15-20-3,TANH,CEE,300,0.001,0.75,100.00%, 0.2383
21-20-45-3,TANH,CEE,300,0.001,0.75,82.34%, 0.2834
21-15-20-3,TANH,CEE,500,0.001,0.75,100.00%, 0.2378
21-20-45-3,TANH,CEE,500,0.001,0.75,82.34%, 0.2834
21-15-20-3,TANH,CEE,300,0.001,0.75,82.34%, 0.2834
21-20-45-3,TANH,CEE,300,0.001,0.75,100.00%, 0.2381
21-15-20-3,TANH,CEE,500,0.001,0.95,82.34%, 0.2832
21-20-45-3,TANH,CEE,500,0.001,0.95,100.00%, 0.2376
21-15-20-3,TANH,CEE,300,0.001,0.95,100.00%, 0.2381
21-20-45-3,TANH,CEE,300,0.001,0.95,100.00%, 0.2379
21-15-20-3,TANH,CEE,500,0.001,0.95,82.34%, 0.2832
21-20-45-3,TANH,CEE,500,0.001,0.95,100.00%, 0.2377
21-15-20-3,TANH,CEE,300,0.001,0.95,100.00%, 0.2380
21-20-45-3,TANH,CEE,300,0.001,0.95,82.34%, 0.2832
21-15-20-3,TANH,CEE,500,1.0E-4,0.5,90.43%, 0.2628
21-20-45-3,TANH,CEE,500,1.0E-4,0.5,95.11%, 0.2601
21-15-20-3,TANH,CEE,300,1.0E-4,0.5,65.32%, 0.3172
21-20-45-3,TANH,CEE,300,1.0E-4,0.5,94.47%, 0.2695
21-15-20-3,TANH,CEE,500,1.0E-4,0.5,81.70%, 0.2874
21-20-45-3,TANH,CEE,500,1.0E-4,0.5,98.72%, 0.2535
21-15-20-3,TANH,CEE,300,1.0E-4,0.5,65.32%, 0.3221
21-20-45-3,TANH,CEE,300,1.0E-4,0.5,70.43%, 0.3145
21-15-20-3,TANH,CEE,500,1.0E-4,0.75,81.91%, 0.2782
21-20-45-3,TANH,CEE,500,1.0E-4,0.75,97.23%, 0.2612
21-15-20-3,TANH,CEE,300,1.0E-4,0.75,73.62%, 0.2952
21-20-45-3,TANH,CEE,300,1.0E-4,0.75,96.17%, 0.2639
21-15-20-3,TANH,CEE,500,1.0E-4,0.75,95.11%, 0.2653
21-20-45-3,TANH,CEE,500,1.0E-4,0.75,96.17%, 0.2606
21-15-20-3,TANH,CEE,300,1.0E-4,0.75,80.43%, 0.2923
21-20-45-3,TANH,CEE,300,1.0E-4,0.75,65.32%, 0.3141
21-15-20-3,TANH,CEE,500,1.0E-4,0.95,81.70%, 0.2718
21-20-45-3,TANH,CEE,500,1.0E-4,0.95,82.13%, 0.2730
21-15-20-3,TANH,CEE,300,1.0E-4,0.95,80.85%, 0.2907
21-20-45-3,TANH,CEE,300,1.0E-4,0.95,81.06%, 0.2943
21-15-20-3,TANH,CEE,500,1.0E-4,0.95,96.81%, 0.2624
21-20-45-3,TANH,CEE,500,1.0E-4,0.95,82.13%, 0.2812
21-15-20-3,TANH,CEE,300,1.0E-4,0.95,81.49%, 0.2944
21-20-45-3,TANH,CEE,300,1.0E-4,0.95,79.57%, 0.2994
21-15-20-3,TANH,MSE,500,0.01,0.5,100.00%, 0.1874
21-20-45-3,TANH,MSE,500,0.01,0.5,100.00%, 0.1863
21-15-20-3,TANH,MSE,300,0.01,0.5,100.00%, 0.1900
21-20-45-3,TANH,MSE,300,0.01,0.5,100.00%, 0.1865
21-15-20-3,TANH,MSE,500,0.01,0.5,100.00%, 0.1853
21-20-45-3,TANH,MSE,500,0.01,0.5,100.00%, 0.1853
21-15-20-3,TANH,MSE,300,0.01,0.5,100.00%, 0.1858
21-20-45-3,TANH,MSE,300,0.01,0.5,100.00%, 0.1858
21-15-20-3,TANH,MSE,500,0.01,0.75,100.00%, 0.1863
21-20-45-3,TANH,MSE,500,0.01,0.75,100.00%, 0.1857
21-15-20-3,TANH,MSE,300,0.01,0.75,100.00%, 0.1869
21-20-45-3,TANH,MSE,300,0.01,0.75,100.00%, 0.1865
21-15-20-3,TANH,MSE,500,0.01,0.75,100.00%, 0.1853
21-20-45-3,TANH,MSE,500,0.01,0.75,100.00%, 0.1852
21-15-20-3,TANH,MSE,300,0.01,0.75,100.00%, 0.1862
21-20-45-3,TANH,MSE,300,0.01,0.75,100.00%, 0.1857
21-15-20-3,TANH,MSE,500,0.01,0.95,100.00%, 0.1860
21-20-45-3,TANH,MSE,500,0.01,0.95,100.00%, 0.1859
21-15-20-3,TANH,MSE,300,0.01,0.95,100.00%, 0.1865
21-20-45-3,TANH,MSE,300,0.01,0.95,100.00%, 0.1866
21-15-20-3,TANH,MSE,500,0.01,0.95,100.00%, 0.1853
21-20-45-3,TANH,MSE,500,0.01,0.95,100.00%, 0.1852
21-15-20-3,TANH,MSE,300,0.01,0.95,100.00%, 0.1858
21-20-45-3,TANH,MSE,300,0.01,0.95,100.00%, 0.1857
21-15-20-3,TANH,MSE,500,0.001,0.5,100.00%, 0.1943
21-20-45-3,TANH,MSE,500,0.001,0.5,100.00%, 0.1919
21-15-20-3,TANH,MSE,300,0.001,0.5,99.79%, 0.1990
21-20-45-3,TANH,MSE,300,0.001,0.5,99.79%, 0.1970
21-15-20-3,TANH,MSE,500,0.001,0.5,100.00%, 0.1940
21-20-45-3,TANH,MSE,500,0.001,0.5,100.00%, 0.1933
21-15-20-3,TANH,MSE,300,0.001,0.5,99.79%, 0.2050
21-20-45-3,TANH,MSE,300,0.001,0.5,99.79%, 0.2019
21-15-20-3,TANH,MSE,500,0.001,0.75,100.00%, 0.1927
21-20-45-3,TANH,MSE,500,0.001,0.75,100.00%, 0.1923
21-15-20-3,TANH,MSE,300,0.001,0.75,100.00%, 0.2004
21-20-45-3,TANH,MSE,300,0.001,0.75,99.79%, 0.1978
21-15-20-3,TANH,MSE,500,0.001,0.75,100.00%, 0.1917
21-20-45-3,TANH,MSE,500,0.001,0.75,100.00%, 0.1921
21-15-20-3,TANH,MSE,300,0.001,0.75,99.79%, 0.1988
21-20-45-3,TANH,MSE,300,0.001,0.75,99.79%, 0.1993
21-15-20-3,TANH,MSE,500,0.001,0.95,100.00%, 0.1935
21-20-45-3,TANH,MSE,500,0.001,0.95,100.00%, 0.1915
21-15-20-3,TANH,MSE,300,0.001,0.95,99.79%, 0.1969
21-20-45-3,TANH,MSE,300,0.001,0.95,100.00%, 0.1960
21-15-20-3,TANH,MSE,500,0.001,0.95,100.00%, 0.1917
21-20-45-3,TANH,MSE,500,0.001,0.95,100.00%, 0.1915
21-15-20-3,TANH,MSE,300,0.001,0.95,99.79%, 0.2009
21-20-45-3,TANH,MSE,300,0.001,0.95,100.00%, 0.1995
21-15-20-3,TANH,MSE,500,1.0E-4,0.5,78.09%, 0.2721
21-20-45-3,TANH,MSE,500,1.0E-4,0.5,79.36%, 0.2678
21-15-20-3,TANH,MSE,300,1.0E-4,0.5,70.21%, 0.2976
21-20-45-3,TANH,MSE,300,1.0E-4,0.5,75.11%, 0.2868
21-15-20-3,TANH,MSE,500,1.0E-4,0.5,65.32%, 0.2893
21-20-45-3,TANH,MSE,500,1.0E-4,0.5,66.38%, 0.2896
21-15-20-3,TANH,MSE,300,1.0E-4,0.5,65.32%, 0.3230
21-20-45-3,TANH,MSE,300,1.0E-4,0.5,65.32%, 0.3036
21-15-20-3,TANH,MSE,500,1.0E-4,0.75,79.15%, 0.2848
21-20-45-3,TANH,MSE,500,1.0E-4,0.75,82.34%, 0.2751
21-15-20-3,TANH,MSE,300,1.0E-4,0.75,65.32%, 0.2942
21-20-45-3,TANH,MSE,300,1.0E-4,0.75,72.34%, 0.2837
21-15-20-3,TANH,MSE,500,1.0E-4,0.75,82.13%, 0.2718
21-20-45-3,TANH,MSE,500,1.0E-4,0.75,76.60%, 0.2794
21-15-20-3,TANH,MSE,300,1.0E-4,0.75,69.57%, 0.2895
21-20-45-3,TANH,MSE,300,1.0E-4,0.75,72.98%, 0.2853
21-15-20-3,TANH,MSE,500,1.0E-4,0.95,80.85%, 0.2742
21-20-45-3,TANH,MSE,500,1.0E-4,0.95,79.79%, 0.2707
21-15-20-3,TANH,MSE,300,1.0E-4,0.95,76.17%, 0.2826
21-20-45-3,TANH,MSE,300,1.0E-4,0.95,75.96%, 0.2841
21-15-20-3,TANH,MSE,500,1.0E-4,0.95,74.89%, 0.2867
21-20-45-3,TANH,MSE,500,1.0E-4,0.95,78.51%, 0.2831
21-15-20-3,TANH,MSE,300,1.0E-4,0.95,75.32%, 0.2841
21-20-45-3,TANH,MSE,300,1.0E-4,0.95,80.00%, 0.2765
21-15-20-3,TANH,SSE,500,0.01,0.5,100.00%, 0.1855
21-20-45-3,TANH,SSE,500,0.01,0.5,100.00%, 0.1857
21-15-20-3,TANH,SSE,300,0.01,0.5,100.00%, 0.1894
21-20-45-3,TANH,SSE,300,0.01,0.5,100.00%, 0.1857
21-15-20-3,TANH,SSE,500,0.01,0.5,100.00%, 0.1853
21-20-45-3,TANH,SSE,500,0.01,0.5,100.00%, 0.1853
21-15-20-3,TANH,SSE,300,0.01,0.5,100.00%, 0.1859
21-20-45-3,TANH,SSE,300,0.01,0.5,100.00%, 0.1858
21-15-20-3,TANH,SSE,500,0.01,0.75,100.00%, 0.1858
21-20-45-3,TANH,SSE,500,0.01,0.75,100.00%, 0.1854
21-15-20-3,TANH,SSE,300,0.01,0.75,100.00%, 0.1857
21-20-45-3,TANH,SSE,300,0.01,0.75,100.00%, 0.1858
21-15-20-3,TANH,SSE,500,0.01,0.75,100.00%, 0.1853
21-20-45-3,TANH,SSE,500,0.01,0.75,100.00%, 0.1853
21-15-20-3,TANH,SSE,300,0.01,0.75,100.00%, 0.1858
21-20-45-3,TANH,SSE,300,0.01,0.75,100.00%, 0.1858
21-15-20-3,TANH,SSE,500,0.01,0.95,100.00%, 0.1865
21-20-45-3,TANH,SSE,500,0.01,0.95,100.00%, 0.1852
21-15-20-3,TANH,SSE,300,0.01,0.95,100.00%, 0.1887
21-20-45-3,TANH,SSE,300,0.01,0.95,100.00%, 0.1857
21-15-20-3,TANH,SSE,500,0.01,0.95,100.00%, 0.1854
21-20-45-3,TANH,SSE,500,0.01,0.95,100.00%, 0.1852
21-15-20-3,TANH,SSE,300,0.01,0.95,100.00%, 0.1858
21-20-45-3,TANH,SSE,300,0.01,0.95,100.00%, 0.1858
21-15-20-3,TANH,SSE,500,0.001,0.5,100.00%, 0.1933
21-20-45-3,TANH,SSE,500,0.001,0.5,100.00%, 0.1935
21-15-20-3,TANH,SSE,300,0.001,0.5,99.15%, 0.2073
21-20-45-3,TANH,SSE,300,0.001,0.5,100.00%, 0.1986
21-15-20-3,TANH,SSE,500,0.001,0.5,100.00%, 0.1926
21-20-45-3,TANH,SSE,500,0.001,0.5,100.00%, 0.1924
21-15-20-3,TANH,SSE,300,0.001,0.5,99.79%, 0.2106
21-20-45-3,TANH,SSE,300,0.001,0.5,96.81%, 0.2173
21-15-20-3,TANH,SSE,500,0.001,0.75,100.00%, 0.1922
21-20-45-3,TANH,SSE,500,0.001,0.75,100.00%, 0.1928
21-15-20-3,TANH,SSE,300,