Index,Layers,Activation,Loss,Epochs,Alpha,Beta,F1-Score,MCE
1132,21-15-20-3,ISRLU,SSE,500,0.01,0.95,100.00%,0.1819
1120,21-15-20-3,ISRLU,SSE,500,0.01,0.5,100.00%,0.1827
1048,21-15-20-3,ISRLU,MSE,500,0.01,0.5,100.00%,0.1835
1067,21-20-45-3,ISRLU,MSE,300,0.01,0.95,100.00%,0.1835
1049,21-20-45-3,ISRLU,MSE,500,0.01,0.5,100.00%,0.1836
30,21-12-3,ISRLU,CEE,500,0.01,0.95,100.00%,0.1838
31,21-15-3,ISRLU,CEE,500,0.01,0.95,100.00%,0.1838
33,21-12-3,ISRLU,CEE,300,0.01,0.95,100.00%,0.1838
240,21-12-3,ISRLU,SSE,500,0.01,0.95,100.00%,0.1838
7,21-15-3,ISRLU,CEE,500,0.01,0.5,100.00%,0.1839
9,21-12-3,ISRLU,CEE,300,0.01,0.5,100.00%,0.1839
12,21-12-3,ISRLU,CEE,500,0.01,0.75,100.00%,0.1839
15,21-12-3,ISRLU,CEE,300,0.01,0.75,100.00%,0.1839
21,21-12-3,ISRLU,CEE,300,0.01,0.75,100.00%,0.1839
34,21-15-3,ISRLU,CEE,300,0.01,0.95,100.00%,0.1839
35,21-20-3,ISRLU,CEE,300,0.01,0.95,100.00%,0.1839
665,21-20-3,RELU,CEE,300,0.01,0.75,100.00%,0.1839
682,21-15-3,RELU,CEE,300,0.01,0.95,100.00%,0.1839
980,21-15-20-3,ISRLU,CEE,500,0.01,0.75,100.00%,0.1839
1009,21-20-45-3,ISRLU,CEE,500,0.001,0.75,100.00%,0.1839
1003,21-20-45-3,ISRLU,CEE,300,0.001,0.5,100.00%,0.184
1004,21-15-20-3,ISRLU,CEE,500,0.001,0.75,100.00%,0.184
1012,21-15-20-3,ISRLU,CEE,500,0.001,0.95,100.00%,0.184
1016,21-15-20-3,ISRLU,CEE,500,0.001,0.95,100.00%,0.184
1017,21-20-45-3,ISRLU,CEE,500,0.001,0.95,100.00%,0.184
1018,21-15-20-3,ISRLU,CEE,300,0.001,0.95,100.00%,0.184
1057,21-20-45-3,ISRLU,MSE,500,0.01,0.75,100.00%,0.184
660,21-12-3,RELU,CEE,500,0.01,0.75,100.00%,0.1841
1010,21-15-20-3,ISRLU,CEE,300,0.001,0.75,100.00%,0.1841
1019,21-20-45-3,ISRLU,CEE,300,0.001,0.95,100.00%,0.1841
1125,21-20-45-3,ISRLU,SSE,500,0.01,0.75,100.00%,0.1841
32,21-20-3,ISRLU,CEE,500,0.01,0.95,100.00%,0.1842
62,21-20-3,ISRLU,CEE,500,0.001,0.95,100.00%,0.1842
1129,21-20-45-3,ISRLU,SSE,500,0.01,0.75,100.00%,0.1842
1130,21-15-20-3,ISRLU,SSE,300,0.01,0.75,100.00%,0.1842
16,21-15-3,ISRLU,CEE,300,0.01,0.75,100.00%,0.1843
36,21-12-3,ISRLU,CEE,500,0.001,0.5,100.00%,0.1843
61,21-15-3,ISRLU,CEE,500,0.001,0.95,100.00%,0.1843
692,21-20-3,RELU,CEE,500,0.001,0.5,100.00%,0.1843
709,21-15-3,RELU,CEE,500,0.001,0.95,100.00%,0.1843
1005,21-20-45-3,ISRLU,CEE,500,0.001,0.75,100.00%,0.1843
1118,21-15-20-3,ISRLU,SSE,300,0.01,0.5,100.00%,0.1843
1131,21-20-45-3,ISRLU,SSE,300,0.01,0.75,100.00%,0.1843
29,21-20-3,ISRLU,CEE,300,0.01,0.95,100.00%,0.1844
49,21-15-3,ISRLU,CEE,500,0.001,0.75,100.00%,0.1844
54,21-12-3,ISRLU,CEE,500,0.001,0.75,100.00%,0.1844
116,21-20-3,ISRLU,MSE,500,0.01,0.5,100.00%,0.1844
1135,21-20-45-3,ISRLU,SSE,300,0.01,0.95,100.00%,0.1844
43,21-15-3,ISRLU,CEE,500,0.001,0.5,100.00%,0.1845
51,21-12-3,ISRLU,CEE,300,0.001,0.75,100.00%,0.1845
698,21-20-3,RELU,CEE,500,0.001,0.75,100.00%,0.1845
1122,21-15-20-3,ISRLU,SSE,300,0.01,0.5,100.00%,0.1845
48,21-12-3,ISRLU,CEE,500,0.001,0.75,100.00%,0.1846
689,21-20-3,RELU,CEE,300,0.001,0.5,100.00%,0.1847
988,21-15-20-3,ISRLU,CEE,500,0.01,0.95,100.00%,0.1847
71,21-20-3,ISRLU,CEE,300,0.001,0.95,100.00%,0.1848
707,21-20-3,RELU,CEE,300,0.001,0.75,100.00%,0.1848
694,21-15-3,RELU,CEE,300,0.001,0.5,100.00%,0.1849
53,21-20-3,ISRLU,CEE,300,0.001,0.75,100.00%,0.185
998,21-15-20-3,ISRLU,CEE,300,0.001,0.5,100.00%,0.185
1117,21-20-45-3,ISRLU,SSE,500,0.01,0.5,100.00%,0.185
40,21-15-3,ISRLU,CEE,300,0.001,0.5,100.00%,0.1851
113,21-20-3,ISRLU,MSE,300,0.01,0.5,100.00%,0.1851
1124,21-15-20-3,ISRLU,SSE,500,0.01,0.75,100.00%,0.1851
20,21-20-3,ISRLU,CEE,500,0.01,0.75,100.00%,0.1852
140,21-20-3,ISRLU,MSE,500,0.01,0.95,100.00%,0.1852
1116,21-15-20-3,ISRLU,SSE,500,0.01,0.5,100.00%,0.1852
1273,21-20-45-3,TANH,MSE,500,0.01,0.75,100.00%,0.1852
1281,21-20-45-3,TANH,MSE,500,0.01,0.95,100.00%,0.1852
1349,21-20-45-3,TANH,SSE,500,0.01,0.95,100.00%,0.1852
1353,21-20-45-3,TANH,SSE,500,0.01,0.95,100.00%,0.1852
114,21-12-3,ISRLU,MSE,500,0.01,0.5,100.00%,0.1853
712,21-15-3,RELU,CEE,300,0.001,0.95,100.00%,0.1853
1126,21-15-20-3,ISRLU,SSE,300,0.01,0.75,100.00%,0.1853
1264,21-15-20-3,TANH,MSE,500,0.01,0.5,100.00%,0.1853
1265,21-20-45-3,TANH,MSE,500,0.01,0.5,100.00%,0.1853
1272,21-15-20-3,TANH,MSE,500,0.01,0.75,100.00%,0.1853
1280,21-15-20-3,TANH,MSE,500,0.01,0.95,100.00%,0.1853
1336,21-15-20-3,TANH,SSE,500,0.01,0.5,100.00%,0.1853
1337,21-20-45-3,TANH,SSE,500,0.01,0.5,100.00%,0.1853
1344,21-15-20-3,TANH,SSE,500,0.01,0.75,100.00%,0.1853
1345,21-20-45-3,TANH,SSE,500,0.01,0.75,100.00%,0.1853
47,21-20-3,ISRLU,CEE,300,0.001,0.5,100.00%,0.1854
1138,21-15-20-3,ISRLU,SSE,300,0.01,0.95,100.00%,0.1854
1341,21-20-45-3,TANH,SSE,500,0.01,0.75,100.00%,0.1854
1352,21-15-20-3,TANH,SSE,500,0.01,0.95,100.00%,0.1854
6,21-12-3,ISRLU,CEE,500,0.01,0.5,100.00%,0.1855
63,21-12-3,ISRLU,CEE,300,0.001,0.95,100.00%,0.1855
1332,21-15-20-3,TANH,SSE,500,0.01,0.5,100.00%,0.1855
27,21-12-3,ISRLU,CEE,300,0.01,0.95,100.00%,0.1856
236,21-20-3,ISRLU,SSE,500,0.01,0.75,100.00%,0.1856
1056,21-15-20-3,ISRLU,MSE,500,0.01,0.75,100.00%,0.1856
547,21-15-3,TANH,SSE,500,0.01,0.5,100.00%,0.1857
566,21-20-3,TANH,SSE,500,0.01,0.95,100.00%,0.1857
571,21-15-3,TANH,SSE,500,0.01,0.95,100.00%,0.1857
1269,21-20-45-3,TANH,MSE,500,0.01,0.75,100.00%,0.1857
1275,21-20-45-3,TANH,MSE,300,0.01,0.75,100.00%,0.1857
1283,21-20-45-3,TANH,MSE,300,0.01,0.95,100.00%,0.1857
1333,21-20-45-3,TANH,SSE,500,0.01,0.5,100.00%,0.1857
1335,21-20-45-3,TANH,SSE,300,0.01,0.5,100.00%,0.1857
1342,21-15-20-3,TANH,SSE,300,0.01,0.75,100.00%,0.1857
1351,21-20-45-3,TANH,SSE,300,0.01,0.95,100.00%,0.1857
462,21-12-3,TANH,MSE,500,0.01,0.95,100.00%,0.1858
463,21-15-3,TANH,MSE,500,0.01,0.95,100.00%,0.1858
552,21-12-3,TANH,SSE,500,0.01,0.75,100.00%,0.1858
565,21-15-3,TANH,SSE,500,0.01,0.95,100.00%,0.1858
1053,21-20-45-3,ISRLU,MSE,500,0.01,0.75,100.00%,0.1858
1065,21-20-45-3,ISRLU,MSE,500,0.01,0.95,100.00%,0.1858
1266,21-15-20-3,TANH,MSE,300,0.01,0.5,100.00%,0.1858
1267,21-20-45-3,TANH,MSE,300,0.01,0.5,100.00%,0.1858
1282,21-15-20-3,TANH,MSE,300,0.01,0.95,100.00%,0.1858
1339,21-20-45-3,TANH,SSE,300,0.01,0.5,100.00%,0.1858
1340,21-15-20-3,TANH,SSE,500,0.01,0.75,100.00%,0.1858
1343,21-20-45-3,TANH,SSE,300,0.01,0.75,100.00%,0.1858
1346,21-15-20-3,TANH,SSE,300,0.01,0.75,100.00%,0.1858
1347,21-20-45-3,TANH,SSE,300,0.01,0.75,100.00%,0.1858
1354,21-15-20-3,TANH,SSE,300,0.01,0.95,100.00%,0.1858
1355,21-20-45-3,TANH,SSE,300,0.01,0.95,100.00%,0.1858
438,21-12-3,TANH,MSE,500,0.01,0.5,100.00%,0.1859
445,21-15-3,TANH,MSE,500,0.01,0.75,100.00%,0.1859
446,21-20-3,TANH,MSE,500,0.01,0.75,100.00%,0.1859
452,21-20-3,TANH,MSE,500,0.01,0.75,100.00%,0.1859
456,21-12-3,TANH,MSE,500,0.01,0.95,100.00%,0.1859
464,21-20-3,TANH,MSE,500,0.01,0.95,100.00%,0.1859
548,21-20-3,TANH,SSE,500,0.01,0.5,100.00%,0.1859
553,21-15-3,TANH,SSE,500,0.01,0.75,100.00%,0.1859
554,21-20-3,TANH,SSE,500,0.01,0.75,100.00%,0.1859
560,21-20-3,TANH,SSE,500,0.01,0.75,100.00%,0.1859
564,21-12-3,TANH,SSE,500,0.01,0.95,100.00%,0.1859
572,21-20-3,TANH,SSE,500,0.01,0.95,100.00%,0.1859
1277,21-20-45-3,TANH,MSE,500,0.01,0.95,100.00%,0.1859
1338,21-15-20-3,TANH,SSE,300,0.01,0.5,100.00%,0.1859
70,21-15-3,ISRLU,CEE,300,0.001,0.95,100.00%,0.186
444,21-12-3,TANH,MSE,500,0.01,0.75,100.00%,0.186
451,21-15-3,TANH,MSE,500,0.01,0.75,100.00%,0.186
541,21-15-3,TANH,SSE,500,0.01,0.5,100.00%,0.186
542,21-20-3,TANH,SSE,500,0.01,0.5,100.00%,0.186
546,21-12-3,TANH,SSE,500,0.01,0.5,100.00%,0.186
558,21-12-3,TANH,SSE,500,0.01,0.75,100.00%,0.186
559,21-15-3,TANH,SSE,500,0.01,0.75,100.00%,0.186
1137,21-20-45-3,ISRLU,SSE,500,0.01,0.95,100.00%,0.186
1276,21-15-20-3,TANH,MSE,500,0.01,0.95,100.00%,0.186
24,21-12-3,ISRLU,CEE,500,0.01,0.95,100.00%,0.1861
55,21-15-3,ISRLU,CEE,500,0.001,0.75,100.00%,0.1861
59,21-20-3,ISRLU,CEE,300,0.001,0.75,100.00%,0.1861
223,21-15-3,ISRLU,SSE,500,0.01,0.5,100.00%,0.1861
440,21-20-3,TANH,MSE,500,0.01,0.5,100.00%,0.1861
1051,21-20-45-3,ISRLU,MSE,300,0.01,0.5,100.00%,0.1861
1058,21-15-20-3,ISRLU,MSE,300,0.01,0.75,100.00%,0.1861
68,21-20-3,ISRLU,CEE,500,0.001,0.95,100.00%,0.1862
1274,21-15-20-3,TANH,MSE,300,0.01,0.75,100.00%,0.1862
563,21-20-3,TANH,SSE,300,0.01,0.75,100.00%,0.1863
570,21-12-3,TANH,SSE,500,0.01,0.95,100.00%,0.1863
1066,21-15-20-3,ISRLU,MSE,300,0.01,0.95,100.00%,0.1863
1261,21-20-45-3,TANH,MSE,500,0.01,0.5,100.00%,0.1863
1268,21-15-20-3,TANH,MSE,500,0.01,0.75,100.00%,0.1863
455,21-20-3,TANH,MSE,300,0.01,0.75,100.00%,0.1864
568,21-15-3,TANH,SSE,300,0.01,0.95,100.00%,0.1864
1121,21-20-45-3,ISRLU,SSE,500,0.01,0.5,100.00%,0.1865
1263,21-20-45-3,TANH,MSE,300,0.01,0.5,100.00%,0.1865
1271,21-20-45-3,TANH,MSE,300,0.01,0.75,100.00%,0.1865
1278,21-15-20-3,TANH,MSE,300,0.01,0.95,100.00%,0.1865
1348,21-15-20-3,TANH,SSE,500,0.01,0.95,100.00%,0.1865
42,21-12-3,ISRLU,CEE,500,0.001,0.5,100.00%,0.1866
434,21-20-3,TANH,MSE,500,0.01,0.5,100.00%,0.1866
439,21-15-3,TANH,MSE,500,0.01,0.5,100.00%,0.1866
457,21-15-3,TANH,MSE,500,0.01,0.95,100.00%,0.1866
467,21-20-3,TANH,MSE,300,0.01,0.95,100.00%,0.1866
1060,21-15-20-3,ISRLU,MSE,500,0.01,0.95,100.00%,0.1866
1279,21-20-45-3,TANH,MSE,300,0.01,0.95,100.00%,0.1866
448,21-15-3,TANH,MSE,300,0.01,0.75,100.00%,0.1867
461,21-20-3,TANH,MSE,300,0.01,0.95,100.00%,0.1867
573,21-12-3,TANH,SSE,300,0.01,0.95,100.00%,0.1867
52,21-15-3,ISRLU,CEE,300,0.001,0.75,100.00%,0.1868
433,21-15-3,TANH,MSE,500,0.01,0.5,100.00%,0.1868
459,21-12-3,TANH,MSE,300,0.01,0.95,100.00%,0.1868
465,21-12-3,TANH,MSE,300,0.01,0.95,100.00%,0.1868
466,21-15-3,TANH,MSE,300,0.01,0.95,100.00%,0.1868
567,21-12-3,TANH,SSE,300,0.01,0.95,100.00%,0.1868
550,21-15-3,TANH,SSE,300,0.01,0.5,100.00%,0.1869
551,21-20-3,TANH,SSE,300,0.01,0.5,100.00%,0.1869
562,21-15-3,TANH,SSE,300,0.01,0.75,100.00%,0.1869
1047,21-20-45-3,ISRLU,MSE,300,0.01,0.5,100.00%,0.1869
1270,21-15-20-3,TANH,MSE,300,0.01,0.75,100.00%,0.1869
38,21-20-3,ISRLU,CEE,500,0.001,0.5,100.00%,0.187
436,21-15-3,TANH,MSE,300,0.01,0.5,100.00%,0.187
454,21-15-3,TANH,MSE,300,0.01,0.75,100.00%,0.187
460,21-15-3,TANH,MSE,300,0.01,0.95,100.00%,0.187
545,21-20-3,TANH,SSE,300,0.01,0.5,100.00%,0.187
557,21-20-3,TANH,SSE,300,0.01,0.75,100.00%,0.187
574,21-15-3,TANH,SSE,300,0.01,0.95,100.00%,0.187
575,21-20-3,TANH,SSE,300,0.01,0.95,100.00%,0.187
435,21-12-3,TANH,MSE,300,0.01,0.5,100.00%,0.1871
441,21-12-3,TANH,MSE,300,0.01,0.5,100.00%,0.1871
453,21-12-3,TANH,MSE,300,0.01,0.75,100.00%,0.1871
543,21-12-3,TANH,SSE,300,0.01,0.5,100.00%,0.1871
544,21-15-3,TANH,SSE,300,0.01,0.5,100.00%,0.1871
447,21-12-3,TANH,MSE,300,0.01,0.75,100.00%,0.1873
549,21-12-3,TANH,SSE,300,0.01,0.5,100.00%,0.1873
443,21-20-3,TANH,MSE,300,0.01,0.5,100.00%,0.1874
561,21-12-3,TANH,SSE,300,0.01,0.75,100.00%,0.1874
1260,21-15-20-3,TANH,MSE,500,0.01,0.5,100.00%,0.1874
133,21-15-3,ISRLU,MSE,500,0.01,0.95,100.00%,0.1876
569,21-20-3,TANH,SSE,300,0.01,0.95,100.00%,0.1876
1015,21-20-45-3,ISRLU,CEE,300,0.001,0.95,100.00%,0.1876
449,21-20-3,TANH,MSE,300,0.01,0.75,100.00%,0.1877
703,21-15-3,RELU,CEE,500,0.001,0.75,100.00%,0.1877
705,21-12-3,RELU,CEE,300,0.001,0.75,100.00%,0.1877
1136,21-15-20-3,ISRLU,SSE,500,0.01,0.95,100.00%,0.1878
108,21-12-3,ISRLU,MSE,500,0.01,0.5,100.00%,0.188
442,21-15-3,TANH,MSE,300,0.01,0.5,100.00%,0.1881
248,21-20-3,ISRLU,SSE,500,0.01,0.95,100.00%,0.1882
128,21-20-3,ISRLU,MSE,500,0.01,0.75,100.00%,0.1886
450,21-12-3,TANH,MSE,500,0.01,0.75,100.00%,0.1886
540,21-12-3,TANH,SSE,500,0.01,0.5,100.00%,0.1886
1002,21-15-20-3,ISRLU,CEE,300,0.001,0.5,100.00%,0.1887
1350,21-15-20-3,TANH,SSE,300,0.01,0.95,100.00%,0.1887
556,21-15-3,TANH,SSE,300,0.01,0.75,100.00%,0.1888
41,21-20-3,ISRLU,CEE,300,0.001,0.5,100.00%,0.189
217,21-15-3,ISRLU,SSE,500,0.01,0.5,100.00%,0.189
1139,21-20-45-3,ISRLU,SSE,300,0.01,0.95,100.00%,0.1893
123,21-12-3,ISRLU,MSE,300,0.01,0.75,100.00%,0.1894
1334,21-15-20-3,TANH,SSE,300,0.01,0.5,100.00%,0.1894
127,21-15-3,ISRLU,MSE,500,0.01,0.75,100.00%,0.1895
1029,21-20-45-3,ISRLU,CEE,500,0.0001,0.75,100.00%,0.1895
56,21-20-3,ISRLU,CEE,500,0.001,0.75,100.00%,0.1897
1041,21-20-45-3,ISRLU,CEE,500,0.0001,0.95,100.00%,0.1897
432,21-12-3,TANH,MSE,500,0.01,0.5,100.00%,0.19
1262,21-15-20-3,TANH,MSE,300,0.01,0.5,100.00%,0.19
1038,21-20-45-3,ISRLU,CEE,300,0.0001,0.95,100.00%,0.1904
65,21-20-3,ISRLU,CEE,300,0.001,0.95,100.00%,0.1906
555,21-12-3,TANH,SSE,300,0.01,0.75,100.00%,0.1907
1050,21-15-20-3,ISRLU,MSE,300,0.01,0.5,100.00%,0.1907
1039,21-15-20-3,ISRLU,CEE,500,0.0001,0.75,100.00%,0.1909
231,21-12-3,ISRLU,SSE,300,0.01,0.75,100.00%,0.1911
1301,21-20-45-3,TANH,MSE,500,0.001,0.95,100.00%,0.1915
1305,21-20-45-3,TANH,MSE,500,0.001,0.95,100.00%,0.1915
1081,21-20-45-3,ISRLU,MSE,500,0.001,0.75,100.00%,0.1917
1296,21-15-20-3,TANH,MSE,500,0.001,0.75,100.00%,0.1917
1304,21-15-20-3,TANH,MSE,500,0.001,0.95,100.00%,0.1917
134,21-20-3,ISRLU,MSE,500,0.01,0.95,100.00%,0.1919
1285,21-20-45-3,TANH,MSE,500,0.001,0.5,100.00%,0.1919
1297,21-20-45-3,TANH,MSE,500,0.001,0.75,100.00%,0.1921
67,21-15-3,ISRLU,CEE,500,0.001,0.95,100.00%,0.1922
1364,21-15-20-3,TANH,SSE,500,0.001,0.75,100.00%,0.1922
1293,21-20-45-3,TANH,MSE,500,0.001,0.75,100.00%,0.1923
1361,21-20-45-3,TANH,SSE,500,0.001,0.5,100.00%,0.1924
1360,21-15-20-3,TANH,SSE,500,0.001,0.5,100.00%,0.1926
1292,21-15-20-3,TANH,MSE,500,0.001,0.75,100.00%,0.1927
1080,21-15-20-3,ISRLU,MSE,500,0.001,0.75,100.00%,0.1928
1365,21-20-45-3,TANH,SSE,500,0.001,0.75,100.00%,0.1928
458,21-20-3,TANH,MSE,500,0.01,0.95,100.00%,0.1929
1087,21-20-45-3,ISRLU,MSE,300,0.001,0.95,100.00%,0.193
1076,21-15-20-3,ISRLU,MSE,500,0.001,0.75,100.00%,0.1932
1289,21-20-45-3,TANH,MSE,500,0.001,0.5,100.00%,0.1933
1356,21-15-20-3,TANH,SSE,500,0.001,0.5,100.00%,0.1933
1061,21-20-45-3,ISRLU,MSE,500,0.01,0.95,100.00%,0.1934
1300,21-15-20-3,TANH,MSE,500,0.001,0.95,100.00%,0.1935
1357,21-20-45-3,TANH,SSE,500,0.001,0.5,100.00%,0.1935
1288,21-15-20-3,TANH,MSE,500,0.001,0.5,100.00%,0.194
1284,21-15-20-3,TANH,MSE,500,0.001,0.5,100.00%,0.1943
1147,21-20-45-3,ISRLU,SSE,300,0.001,0.5,100.00%,0.1948
1156,21-15-20-3,ISRLU,SSE,500,0.001,0.95,100.00%,0.1948
1088,21-15-20-3,ISRLU,MSE,500,0.001,0.95,100.00%,0.1959
1303,21-20-45-3,TANH,MSE,300,0.001,0.95,100.00%,0.196
607,21-15-3,TANH,SSE,500,0.001,0.95,100.00%,0.1972
482,21-20-3,TANH,MSE,500,0.001,0.75,100.00%,0.1973
500,21-20-3,TANH,MSE,500,0.001,0.95,100.00%,0.1973
492,21-12-3,TANH,MSE,500,0.001,0.95,100.00%,0.1975
493,21-15-3,TANH,MSE,500,0.001,0.95,100.00%,0.1975
1158,21-15-20-3,ISRLU,SSE,300,0.001,0.95,100.00%,0.1975
590,21-20-3,TANH,SSE,500,0.001,0.75,100.00%,0.1976
601,21-15-3,TANH,SSE,500,0.001,0.95,100.00%,0.1976
584,21-20-3,TANH,SSE,500,0.001,0.5,100.00%,0.1978
468,21-12-3,TANH,MSE,500,0.001,0.5,100.00%,0.198
578,21-20-3,TANH,SSE,500,0.001,0.5,100.00%,0.1981
594,21-12-3,TANH,SSE,500,0.001,0.75,100.00%,0.1981
498,21-12-3,TANH,MSE,500,0.001,0.95,100.00%,0.1983
1091,21-20-45-3,ISRLU,MSE,300,0.001,0.95,100.00%,0.1985
1359,21-20-45-3,TANH,SSE,300,0.001,0.5,100.00%,0.1986
494,21-20-3,TANH,MSE,500,0.001,0.95,100.00%,0.1987
481,21-15-3,TANH,MSE,500,0.001,0.75,100.00%,0.199
499,21-15-3,TANH,MSE,500,0.001,0.95,100.00%,0.1994
1307,21-20-45-3,TANH,MSE,300,0.001,0.95,100.00%,0.1995
1294,21-15-20-3,TANH,MSE,300,0.001,0.75,100.00%,0.2004
486,21-12-3,TANH,MSE,500,0.001,0.75,100.00%,0.2006
474,21-12-3,TANH,MSE,500,0.001,0.5,100.00%,0.201
168,21-12-3,ISRLU,MSE,500,0.001,0.95,100.00%,0.2011
602,21-20-3,TANH,SSE,500,0.001,0.95,100.00%,0.2011
487,21-15-3,TANH,MSE,500,0.001,0.75,100.00%,0.2012
589,21-15-3,TANH,SSE,500,0.001,0.75,100.00%,0.2031
324,21-12-3,TANH,CEE,500,0.01,0.5,100.00%,0.2372
336,21-12-3,TANH,CEE,500,0.01,0.75,100.00%,0.2372
338,21-20-3,TANH,CEE,500,0.01,0.75,100.00%,0.2372
339,21-12-3,TANH,CEE,300,0.01,0.75,100.00%,0.2372
341,21-20-3,TANH,CEE,300,0.01,0.75,100.00%,0.2372
345,21-20-3,TANH,CEE,500,0.01,0.75,100.00%,0.2372
350,21-20-3,TANH,CEE,500,0.01,0.95,100.00%,0.2372
352,21-15-3,TANH,CEE,300,0.01,0.95,100.00%,0.2372
355,21-15-3,TANH,CEE,500,0.01,0.95,100.00%,0.2372
357,21-12-3,TANH,CEE,300,0.01,0.95,100.00%,0.2372
359,21-20-3,TANH,CEE,300,0.01,0.95,100.00%,0.2372
1200,21-15-20-3,TANH,CEE,500,0.01,0.75,100.00%,0.2372
1203,21-20-45-3,TANH,CEE,300,0.01,0.75,100.00%,0.2372
1209,21-20-45-3,TANH,CEE,500,0.01,0.95,100.00%,0.2372
328,21-15-3,TANH,CEE,300,0.01,0.5,100.00%,0.2373
333,21-12-3,TANH,CEE,300,0.01,0.5,100.00%,0.2373
337,21-15-3,TANH,CEE,500,0.01,0.75,100.00%,0.2376
340,21-15-3,TANH,CEE,300,0.01,0.75,100.00%,0.2376
342,21-12-3,TANH,CEE,500,0.01,0.75,100.00%,0.2376
343,21-15-3,TANH,CEE,500,0.01,0.75,100.00%,0.2376
347,21-20-3,TANH,CEE,300,0.01,0.75,100.00%,0.2376
349,21-15-3,TANH,CEE,500,0.01,0.95,100.00%,0.2376
353,21-20-3,TANH,CEE,300,0.01,0.95,100.00%,0.2376
354,21-12-3,TANH,CEE,500,0.01,0.95,100.00%,0.2376
356,21-20-3,TANH,CEE,500,0.01,0.95,100.00%,0.2376
358,21-15-3,TANH,CEE,300,0.01,0.95,100.00%,0.2376
392,21-20-3,TANH,CEE,500,0.001,0.95,100.00%,0.2376
1204,21-15-20-3,TANH,CEE,500,0.01,0.95,100.00%,0.2376
1211,21-20-45-3,TANH,CEE,300,0.01,0.95,100.00%,0.2376
1229,21-20-45-3,TANH,CEE,500,0.001,0.95,100.00%,0.2376
325,21-15-3,TANH,CEE,500,0.01,0.5,100.00%,0.2377
326,21-20-3,TANH,CEE,500,0.01,0.5,100.00%,0.2377
327,21-12-3,TANH,CEE,300,0.01,0.5,100.00%,0.2377
329,21-20-3,TANH,CEE,300,0.01,0.5,100.00%,0.2377
330,21-12-3,TANH,CEE,500,0.01,0.5,100.00%,0.2377
331,21-15-3,TANH,CEE,500,0.01,0.5,100.00%,0.2377
332,21-20-3,TANH,CEE,500,0.01,0.5,100.00%,0.2377
334,21-15-3,TANH,CEE,300,0.01,0.5,100.00%,0.2377
335,21-20-3,TANH,CEE,300,0.01,0.5,100.00%,0.2377
372,21-12-3,TANH,CEE,500,0.001,0.75,100.00%,0.2377
378,21-12-3,TANH,CEE,500,0.001,0.75,100.00%,0.2377
384,21-12-3,TANH,CEE,500,0.001,0.95,100.00%,0.2377
385,21-15-3,TANH,CEE,500,0.001,0.95,100.00%,0.2377
386,21-20-3,TANH,CEE,500,0.001,0.95,100.00%,0.2377
390,21-12-3,TANH,CEE,500,0.001,0.95,100.00%,0.2377
391,21-15-3,TANH,CEE,500,0.001,0.95,100.00%,0.2377
1191,21-20-45-3,TANH,CEE,300,0.01,0.5,100.00%,0.2377
1193,21-20-45-3,TANH,CEE,500,0.01,0.5,100.00%,0.2377
1233,21-20-45-3,TANH,CEE,500,0.001,0.95,100.00%,0.2377
374,21-20-3,TANH,CEE,500,0.001,0.75,100.00%,0.2378
379,21-15-3,TANH,CEE,500,0.001,0.75,100.00%,0.2378
380,21-20-3,TANH,CEE,500,0.001,0.75,100.00%,0.2378
1220,21-15-20-3,TANH,CEE,500,0.001,0.75,100.00%,0.2378
1221,21-20-45-3,TANH,CEE,500,0.001,0.75,100.00%,0.2378
1224,21-15-20-3,TANH,CEE,500,0.001,0.75,100.00%,0.2378
1231,21-20-45-3,TANH,CEE,300,0.001,0.95,100.00%,0.2379
367,21-15-3,TANH,CEE,500,0.001,0.5,100.00%,0.238
368,21-20-3,TANH,CEE,500,0.001,0.5,100.00%,0.238
387,21-12-3,TANH,CEE,300,0.001,0.95,100.00%,0.238
394,21-15-3,TANH,CEE,300,0.001,0.95,100.00%,0.238
1234,21-15-20-3,TANH,CEE,300,0.001,0.95,100.00%,0.238
360,21-12-3,TANH,CEE,500,0.001,0.5,100.00%,0.2381
361,21-15-3,TANH,CEE,500,0.001,0.5,100.00%,0.2381
366,21-12-3,TANH,CEE,500,0.001,0.5,100.00%,0.2381
389,21-20-3,TANH,CEE,300,0.001,0.95,100.00%,0.2381
395,21-20-3,TANH,CEE,300,0.001,0.95,100.00%,0.2381
1213,21-20-45-3,TANH,CEE,500,0.001,0.5,100.00%,0.2381
1217,21-20-45-3,TANH,CEE,500,0.001,0.5,100.00%,0.2381
1227,21-20-45-3,TANH,CEE,300,0.001,0.75,100.00%,0.2381
1230,21-15-20-3,TANH,CEE,300,0.001,0.95,100.00%,0.2381
393,21-12-3,TANH,CEE,300,0.001,0.95,100.00%,0.2382
1212,21-15-20-3,TANH,CEE,500,0.001,0.5,100.00%,0.2382
375,21-12-3,TANH,CEE,300,0.001,0.75,100.00%,0.2383
383,21-20-3,TANH,CEE,300,0.001,0.75,100.00%,0.2383
1216,21-15-20-3,TANH,CEE,500,0.001,0.5,100.00%,0.2383
1222,21-15-20-3,TANH,CEE,300,0.001,0.75,100.00%,0.2383
377,21-20-3,TANH,CEE,300,0.001,0.75,100.00%,0.2384
381,21-12-3,TANH,CEE,300,0.001,0.75,100.00%,0.2384
362,21-20-3,TANH,CEE,500,0.001,0.5,100.00%,0.2385
1214,21-15-20-3,TANH,CEE,300,0.001,0.5,100.00%,0.2385
376,21-15-3,TANH,CEE,300,0.001,0.75,100.00%,0.2386
1215,21-20-45-3,TANH,CEE,300,0.001,0.5,100.00%,0.2387
1218,21-15-20-3,TANH,CEE,300,0.001,0.5,100.00%,0.2387
382,21-15-3,TANH,CEE,300,0.001,0.75,100.00%,0.2388
1219,21-20-45-3,TANH,CEE,300,0.001,0.5,100.00%,0.2389
365,21-20-3,TANH,CEE,300,0.001,0.5,100.00%,0.2392
363,21-12-3,TANH,CEE,300,0.001,0.5,100.00%,0.2394
364,21-15-3,TANH,CEE,300,0.001,0.5,100.00%,0.2394
370,21-15-3,TANH,CEE,300,0.001,0.5,100.00%,0.2395
371,21-20-3,TANH,CEE,300,0.001,0.5,100.00%,0.2396
249,21-12-3,ISRLU,SSE,300,0.01,0.95,99.79%,0.1845
1046,21-15-20-3,ISRLU,MSE,300,0.01,0.5,99.79%,0.1851
119,21-20-3,ISRLU,MSE,300,0.01,0.5,99.79%,0.1855
19,21-15-3,ISRLU,CEE,500,0.01,0.75,99.79%,0.1857
234,21-12-3,ISRLU,SSE,500,0.01,0.75,99.79%,0.1861
121,21-15-3,ISRLU,MSE,500,0.01,0.75,99.79%,0.1863
115,21-15-3,ISRLU,MSE,500,0.01,0.5,99.79%,0.1864
138,21-12-3,ISRLU,MSE,500,0.01,0.95,99.79%,0.1864
666,21-12-3,RELU,CEE,500,0.01,0.75,99.79%,0.1864
227,21-20-3,ISRLU,SSE,300,0.01,0.5,99.79%,0.1871
982,21-15-20-3,ISRLU,CEE,300,0.01,0.75,99.79%,0.1872
1055,21-20-45-3,ISRLU,MSE,300,0.01,0.75,99.79%,0.1872
1062,21-15-20-3,ISRLU,MSE,300,0.01,0.95,99.79%,0.1873
1052,21-15-20-3,ISRLU,MSE,500,0.01,0.75,99.79%,0.1877
112,21-15-3,ISRLU,MSE,300,0.01,0.5,99.79%,0.1879
1063,21-20-45-3,ISRLU,MSE,300,0.01,0.95,99.79%,0.1881
1084,21-20-45-3,ISRLU,MSE,500,0.001,0.95,99.79%,0.1881
218,21-20-3,ISRLU,SSE,500,0.01,0.5,99.79%,0.1882
120,21-12-3,ISRLU,MSE,500,0.01,0.75,99.79%,0.1883
141,21-12-3,ISRLU,MSE,300,0.01,0.95,99.79%,0.1884
28,21-15-3,ISRLU,CEE,300,0.01,0.95,99.79%,0.1886
247,21-15-3,ISRLU,SSE,500,0.01,0.95,99.79%,0.1887
137,21-20-3,ISRLU,MSE,300,0.01,0.95,99.79%,0.1889
241,21-15-3,ISRLU,SSE,500,0.01,0.95,99.79%,0.1889
683,21-20-3,RELU,CEE,300,0.01,0.95,99.79%,0.1889
139,21-15-3,ISRLU,MSE,500,0.01,0.95,99.79%,0.189
1059,21-20-45-3,ISRLU,MSE,300,0.01,0.75,99.79%,0.189
2,21-20-3,ISRLU,CEE,500,0.01,0.5,99.79%,0.1891
242,21-20-3,ISRLU,SSE,500,0.01,0.95,99.79%,0.1891
239,21-20-3,ISRLU,SSE,300,0.01,0.75,99.79%,0.1892
109,21-15-3,ISRLU,MSE,500,0.01,0.5,99.79%,0.1893
124,21-15-3,ISRLU,MSE,300,0.01,0.75,99.79%,0.1893
1032,21-20-45-3,ISRLU,CEE,500,0.0001,0.75,99.79%,0.1893
251,21-20-3,ISRLU,SSE,300,0.01,0.95,99.79%,0.1895
131,21-20-3,ISRLU,MSE,300,0.01,0.75,99.79%,0.1896
220,21-15-3,ISRLU,SSE,300,0.01,0.5,99.79%,0.1896
237,21-12-3,ISRLU,SSE,300,0.01,0.75,99.79%,0.1897
216,21-12-3,ISRLU,SSE,500,0.01,0.5,99.79%,0.1902
226,21-15-3,ISRLU,SSE,300,0.01,0.5,99.79%,0.1902
710,21-20-3,RELU,CEE,500,0.001,0.95,99.79%,0.1902
235,21-15-3,ISRLU,SSE,500,0.01,0.75,99.79%,0.1903
122,21-20-3,ISRLU,MSE,500,0.01,0.75,99.79%,0.1904
1069,21-20-45-3,ISRLU,MSE,500,0.001,0.5,99.79%,0.1904
996,21-15-20-3,ISRLU,CEE,500,0.001,0.5,99.79%,0.1906
1054,21-15-20-3,ISRLU,MSE,300,0.01,0.75,99.79%,0.1907
1035,21-15-20-3,ISRLU,CEE,500,0.0001,0.95,99.79%,0.191
222,21-12-3,ISRLU,SSE,500,0.01,0.5,99.79%,0.1911
1020,21-15-20-3,ISRLU,CEE,500,0.0001,0.5,99.79%,0.1911
118,21-15-3,ISRLU,MSE,300,0.01,0.5,99.79%,0.1912
132,21-12-3,ISRLU,MSE,500,0.01,0.95,99.79%,0.1912
1011,21-20-45-3,ISRLU,CEE,300,0.001,0.75,99.79%,0.1916
1042,21-15-20-3,ISRLU,CEE,300,0.0001,0.95,99.79%,0.1919
1149,21-20-45-3,ISRLU,SSE,500,0.001,0.75,99.79%,0.1919
245,21-20-3,ISRLU,SSE,300,0.01,0.95,99.79%,0.1921
1144,21-15-20-3,ISRLU,SSE,500,0.001,0.5,99.79%,0.1922
1134,21-15-20-3,ISRLU,SSE,300,0.01,0.95,99.79%,0.1925
1072,21-15-20-3,ISRLU,MSE,500,0.001,0.5,99.79%,0.1926
110,21-20-3,ISRLU,MSE,500,0.01,0.5,99.79%,0.193
1157,21-20-45-3,ISRLU,SSE,500,0.001,0.95,99.79%,0.1931
92,21-20-3,ISRLU,CEE,500,0.0001,0.75,99.79%,0.1934
219,21-12-3,ISRLU,SSE,300,0.01,0.5,99.79%,0.1936
716,21-20-3,RELU,CEE,500,0.001,0.95,99.79%,0.1936
1075,21-20-45-3,ISRLU,MSE,300,0.001,0.5,99.79%,0.1939
1140,21-15-20-3,ISRLU,SSE,500,0.001,0.5,99.79%,0.1942
1030,21-15-20-3,ISRLU,CEE,300,0.0001,0.75,99.79%,0.1943
244,21-15-3,ISRLU,SSE,300,0.01,0.95,99.79%,0.1948
1150,21-15-20-3,ISRLU,SSE,300,0.001,0.75,99.79%,0.1949
1043,21-20-45-3,ISRLU,CEE,300,0.0001,0.95,99.79%,0.1956
1089,21-20-45-3,ISRLU,MSE,500,0.001,0.95,99.79%,0.1957
1148,21-15-20-3,ISRLU,SSE,500,0.001,0.75,99.79%,0.1958
437,21-20-3,TANH,MSE,300,0.01,0.5,99.79%,0.196
135,21-12-3,ISRLU,MSE,300,0.01,0.95,99.79%,0.1962
258,21-12-3,ISRLU,SSE,500,0.001,0.5,99.79%,0.1962
97,21-15-3,ISRLU,CEE,500,0.0001,0.95,99.79%,0.1965
225,21-12-3,ISRLU,SSE,300,0.01,0.5,99.79%,0.1966
253,21-15-3,ISRLU,SSE,500,0.001,0.5,99.79%,0.1966
1159,21-20-45-3,ISRLU,SSE,300,0.001,0.95,99.79%,0.1966
1070,21-15-20-3,ISRLU,MSE,300,0.001,0.5,99.79%,0.1968
1151,21-20-45-3,ISRLU,SSE,300,0.001,0.75,99.79%,0.1969
1302,21-15-20-3,TANH,MSE,300,0.001,0.95,99.79%,0.1969
1287,21-20-45-3,TANH,MSE,300,0.001,0.5,99.79%,0.197
1162,21-15-20-3,ISRLU,SSE,300,0.001,0.95,99.79%,0.1973
158,21-20-3,ISRLU,MSE,500,0.001,0.75,99.79%,0.1975
1295,21-20-45-3,TANH,MSE,300,0.001,0.75,99.79%,0.1978
595,21-15-3,TANH,SSE,500,0.001,0.75,99.79%,0.1981
577,21-15-3,TANH,SSE,500,0.001,0.5,99.79%,0.1983
470,21-20-3,TANH,MSE,500,0.001,0.5,99.79%,0.1984
1298,21-15-20-3,TANH,MSE,300,0.001,0.75,99.79%,0.1988
79,21-15-3,ISRLU,CEE,500,0.0001,0.5,99.79%,0.1989
169,21-15-3,ISRLU,MSE,500,0.001,0.95,99.79%,0.1989
583,21-15-3,TANH,SSE,500,0.001,0.5,99.79%,0.199
1071,21-20-45-3,ISRLU,MSE,300,0.001,0.5,99.79%,0.199
1286,21-15-20-3,TANH,MSE,300,0.001,0.5,99.79%,0.199
488,21-20-3,TANH,MSE,500,0.001,0.75,99.79%,0.1991
1299,21-20-45-3,TANH,MSE,300,0.001,0.75,99.79%,0.1993
469,21-15-3,TANH,MSE,500,0.001,0.5,99.79%,0.1996
608,21-20-3,TANH,SSE,500,0.001,0.95,99.79%,0.1998
284,21-20-3,ISRLU,SSE,500,0.001,0.95,99.79%,0.1999
600,21-12-3,TANH,SSE,500,0.001,0.95,99.79%,0.2007
1082,21-15-20-3,ISRLU,MSE,300,0.001,0.75,99.79%,0.2009
1306,21-15-20-3,TANH,MSE,300,0.001,0.95,99.79%,0.2009
596,21-20-3,TANH,SSE,500,0.001,0.75,99.79%,0.201
476,21-20-3,TANH,MSE,500,0.001,0.5,99.79%,0.2011
277,21-15-3,ISRLU,SSE,500,0.001,0.95,99.79%,0.2012
606,21-12-3,TANH,SSE,500,0.001,0.95,99.79%,0.2013
149,21-20-3,ISRLU,MSE,300,0.001,0.5,99.79%,0.2015
162,21-12-3,ISRLU,MSE,500,0.001,0.75,99.79%,0.2019
1291,21-20-45-3,TANH,MSE,300,0.001,0.5,99.79%,0.2019
252,21-12-3,ISRLU,SSE,500,0.001,0.5,99.79%,0.2027
582,21-12-3,TANH,SSE,500,0.001,0.5,99.79%,0.203
501,21-12-3,TANH,MSE,300,0.001,0.95,99.79%,0.2031
475,21-15-3,TANH,MSE,500,0.001,0.5,99.79%,0.2032
598,21-15-3,TANH,SSE,300,0.001,0.75,99.79%,0.2033
496,21-15-3,TANH,MSE,300,0.001,0.95,99.79%,0.2034
609,21-12-3,TANH,SSE,300,0.001,0.95,99.79%,0.2037
485,21-20-3,TANH,MSE,300,0.001,0.75,99.79%,0.2038
579,21-12-3,TANH,SSE,300,0.001,0.5,99.79%,0.2038
587,21-20-3,TANH,SSE,300,0.001,0.5,99.79%,0.204
489,21-12-3,TANH,MSE,300,0.001,0.75,99.79%,0.2042
491,21-20-3,TANH,MSE,300,0.001,0.75,99.79%,0.2042
605,21-20-3,TANH,SSE,300,0.001,0.95,99.79%,0.2042
592,21-15-3,TANH,SSE,300,0.001,0.75,99.79%,0.2043
599,21-20-3,TANH,SSE,300,0.001,0.75,99.79%,0.2044
502,21-15-3,TANH,MSE,300,0.001,0.95,99.79%,0.2045
495,21-12-3,TANH,MSE,300,0.001,0.95,99.79%,0.2046
478,21-15-3,TANH,MSE,300,0.001,0.5,99.79%,0.2047
576,21-12-3,TANH,SSE,500,0.001,0.5,99.79%,0.205
1290,21-15-20-3,TANH,MSE,300,0.001,0.5,99.79%,0.205
580,21-15-3,TANH,SSE,300,0.001,0.5,99.79%,0.2051
588,21-12-3,TANH,SSE,500,0.001,0.75,99.79%,0.2052
497,21-20-3,TANH,MSE,300,0.001,0.95,99.79%,0.2062
585,21-12-3,TANH,SSE,300,0.001,0.5,99.79%,0.2071
597,21-12-3,TANH,SSE,300,0.001,0.75,99.79%,0.2071
471,21-12-3,TANH,MSE,300,0.001,0.5,99.79%,0.2077
483,21-12-3,TANH,MSE,300,0.001,0.75,99.79%,0.2079
591,21-12-3,TANH,SSE,300,0.001,0.75,99.79%,0.2104
1362,21-15-20-3,TANH,SSE,300,0.001,0.5,99.79%,0.2106
611,21-20-3,TANH,SSE,300,0.001,0.95,99.79%,0.2121
586,21-15-3,TANH,SSE,300,0.001,0.5,99.79%,0.2127
503,21-20-3,TANH,MSE,300,0.001,0.95,99.79%,0.2137
136,21-15-3,ISRLU,MSE,300,0.01,0.95,99.57%,0.1871
246,21-12-3,ISRLU,SSE,500,0.01,0.95,99.57%,0.1874
232,21-15-3,ISRLU,SSE,300,0.01,0.75,99.57%,0.1878
238,21-15-3,ISRLU,SSE,300,0.01,0.75,99.57%,0.1879
650,21-20-3,RELU,CEE,500,0.01,0.5,99.57%,0.1879
977,21-20-45-3,ISRLU,CEE,500,0.01,0.5,99.57%,0.1882
221,21-20-3,ISRLU,SSE,300,0.01,0.5,99.57%,0.189
1153,21-20-45-3,ISRLU,SSE,500,0.001,0.75,99.57%,0.1899
230,21-20-3,ISRLU,SSE,500,0.01,0.75,99.57%,0.1902
1024,21-15-20-3,ISRLU,CEE,500,0.0001,0.5,99.57%,0.1902
250,21-15-3,ISRLU,SSE,300,0.01,0.95,99.57%,0.1903
243,21-12-3,ISRLU,SSE,300,0.01,0.95,99.57%,0.1907
978,21-15-20-3,ISRLU,CEE,300,0.01,0.5,99.57%,0.1907
143,21-20-3,ISRLU,MSE,300,0.01,0.95,99.57%,0.1909
1033,21-15-20-3,ISRLU,CEE,300,0.0001,0.75,99.57%,0.1909
1145,21-20-45-3,ISRLU,SSE,500,0.001,0.5,99.57%,0.1911
1160,21-15-20-3,ISRLU,SSE,500,0.001,0.95,99.57%,0.1932
233,21-20-3,ISRLU,SSE,300,0.01,0.75,99.57%,0.1934
1000,21-15-20-3,ISRLU,CEE,500,0.001,0.5,99.57%,0.1935
117,21-12-3,ISRLU,MSE,300,0.01,0.5,99.57%,0.1938
1077,21-20-45-3,ISRLU,MSE,500,0.001,0.75,99.57%,0.1939
126,21-12-3,ISRLU,MSE,500,0.01,0.75,99.57%,0.194
1078,21-15-20-3,ISRLU,MSE,300,0.001,0.75,99.57%,0.1942
1083,21-20-45-3,ISRLU,MSE,300,0.001,0.75,99.57%,0.1945
1152,21-15-20-3,ISRLU,SSE,500,0.001,0.75,99.57%,0.1947
1073,21-20-45-3,ISRLU,MSE,500,0.001,0.5,99.57%,0.1951
1163,21-20-45-3,ISRLU,SSE,300,0.001,0.95,99.57%,0.1951
1146,21-15-20-3,ISRLU,SSE,300,0.001,0.5,99.57%,0.1952
98,21-20-3,ISRLU,CEE,500,0.0001,0.95,99.57%,0.1956
1155,21-20-45-3,ISRLU,SSE,300,0.001,0.75,99.57%,0.1968
272,21-20-3,ISRLU,SSE,500,0.001,0.75,99.57%,0.1974
73,21-15-3,ISRLU,CEE,500,0.0001,0.5,99.57%,0.1979
224,21-20-3,ISRLU,SSE,500,0.01,0.5,99.57%,0.1981
176,21-20-3,ISRLU,MSE,500,0.001,0.95,99.57%,0.1982
266,21-20-3,ISRLU,SSE,500,0.001,0.75,99.57%,0.1985
260,21-20-3,ISRLU,SSE,500,0.001,0.5,99.57%,0.1987
926,21-20-3,RELU,SSE,500,0.001,0.95,99.57%,0.1989
254,21-20-3,ISRLU,SSE,500,0.001,0.5,99.57%,0.1992
767,21-20-3,RELU,MSE,300,0.01,0.5,99.57%,0.1997
164,21-20-3,ISRLU,MSE,500,0.001,0.75,99.57%,0.2
270,21-12-3,ISRLU,SSE,500,0.001,0.75,99.57%,0.2005
80,21-20-3,ISRLU,CEE,500,0.0001,0.5,99.57%,0.2006
269,21-20-3,ISRLU,SSE,300,0.001,0.75,99.57%,0.2006
259,21-15-3,ISRLU,SSE,500,0.001,0.5,99.57%,0.2008
283,21-15-3,ISRLU,SSE,500,0.001,0.95,99.57%,0.2008
144,21-12-3,ISRLU,MSE,500,0.001,0.5,99.57%,0.201
271,21-15-3,ISRLU,SSE,500,0.001,0.75,99.57%,0.201
157,21-15-3,ISRLU,MSE,500,0.001,0.75,99.57%,0.2013
822,21-12-3,RELU,MSE,500,0.001,0.95,99.57%,0.2013
275,21-20-3,ISRLU,SSE,300,0.001,0.75,99.57%,0.2014
274,21-15-3,ISRLU,SSE,300,0.001,0.75,99.57%,0.2016
923,21-20-3,RELU,SSE,300,0.001,0.75,99.57%,0.2026
280,21-15-3,ISRLU,SSE,300,0.001,0.95,99.57%,0.2039
285,21-12-3,ISRLU,SSE,300,0.001,0.95,99.57%,0.2041
1085,21-15-20-3,ISRLU,MSE,300,0.001,0.95,99.57%,0.2041
179,21-20-3,ISRLU,MSE,300,0.001,0.95,99.57%,0.2058
473,21-20-3,TANH,MSE,300,0.001,0.5,99.57%,0.2071
656,21-20-3,RELU,CEE,500,0.01,0.5,99.36%,0.1855
659,21-20-3,RELU,CEE,300,0.01,0.5,99.36%,0.1883
0,21-12-3,ISRLU,CEE,500,0.01,0.5,99.36%,0.1885
701,21-20-3,RELU,CEE,300,0.001,0.75,99.36%,0.1894
18,21-12-3,ISRLU,CEE,500,0.01,0.75,99.36%,0.1901
1128,21-15-20-3,ISRLU,SSE,500,0.01,0.75,99.36%,0.1916
50,21-20-3,ISRLU,CEE,500,0.001,0.75,99.36%,0.1919
57,21-12-3,ISRLU,CEE,300,0.001,0.75,99.36%,0.1923
984,21-15-20-3,ISRLU,CEE,500,0.01,0.75,99.36%,0.1932
103,21-15-3,ISRLU,CEE,500,0.0001,0.95,99.36%,0.1942
66,21-12-3,ISRLU,CEE,500,0.001,0.95,99.36%,0.195
129,21-12-3,ISRLU,MSE,300,0.01,0.75,99.36%,0.1954
1031,21-20-45-3,ISRLU,CEE,300,0.0001,0.75,99.36%,0.1956
84,21-12-3,ISRLU,CEE,500,0.0001,0.75,99.36%,0.1962
86,21-20-3,ISRLU,CEE,500,0.0001,0.75,99.36%,0.197
111,21-12-3,ISRLU,MSE,300,0.01,0.5,99.36%,0.1971
44,21-20-3,ISRLU,CEE,500,0.001,0.5,99.36%,0.1972
130,21-15-3,ISRLU,MSE,300,0.01,0.75,99.36%,0.1977
917,21-20-3,RELU,SSE,300,0.001,0.75,99.36%,0.1982
806,21-20-3,RELU,MSE,500,0.001,0.75,99.36%,0.1995
170,21-20-3,ISRLU,MSE,500,0.001,0.95,99.36%,0.1998
150,21-12-3,ISRLU,MSE,500,0.001,0.5,99.36%,0.2003
261,21-12-3,ISRLU,SSE,300,0.001,0.5,99.36%,0.2007
827,21-20-3,RELU,MSE,300,0.001,0.95,99.36%,0.2007
175,21-15-3,ISRLU,MSE,500,0.001,0.95,99.36%,0.202
156,21-12-3,ISRLU,MSE,500,0.001,0.75,99.36%,0.2029
171,21-12-3,ISRLU,MSE,300,0.001,0.95,99.36%,0.2037
155,21-20-3,ISRLU,MSE,300,0.001,0.5,99.36%,0.2043
477,21-12-3,TANH,MSE,300,0.001,0.5,99.36%,0.2071
581,21-20-3,TANH,SSE,300,0.001,0.5,99.36%,0.2077
490,21-15-3,TANH,MSE,300,0.001,0.75,99.36%,0.2089
142,21-15-3,ISRLU,MSE,300,0.01,0.95,99.15%,0.1904
658,21-15-3,RELU,CEE,300,0.01,0.5,99.15%,0.1906
1154,21-15-20-3,ISRLU,SSE,300,0.001,0.75,99.15%,0.1969
677,21-20-3,RELU,CEE,300,0.01,0.95,99.15%,0.1979
1034,21-20-45-3,ISRLU,CEE,300,0.0001,0.75,99.15%,0.1981
1143,21-20-45-3,ISRLU,SSE,300,0.001,0.5,99.15%,0.1991
795,21-12-3,RELU,MSE,300,0.001,0.5,99.15%,0.2002
278,21-20-3,ISRLU,SSE,500,0.001,0.95,99.15%,0.2006
921,21-12-3,RELU,SSE,300,0.001,0.75,99.15%,0.2006
264,21-12-3,ISRLU,SSE,500,0.001,0.75,99.15%,0.2008
152,21-20-3,ISRLU,MSE,500,0.001,0.5,99.15%,0.2014
816,21-12-3,RELU,MSE,500,0.001,0.95,99.15%,0.2027
172,21-15-3,ISRLU,MSE,300,0.001,0.95,99.15%,0.2034
147,21-12-3,ISRLU,MSE,300,0.001,0.5,99.15%,0.2038
173,21-20-3,ISRLU,MSE,300,0.001,0.95,99.15%,0.2039
255,21-12-3,ISRLU,SSE,300,0.001,0.5,99.15%,0.2042
273,21-12-3,ISRLU,SSE,300,0.001,0.75,99.15%,0.2042
154,21-15-3,ISRLU,MSE,300,0.001,0.5,99.15%,0.2043
166,21-15-3,ISRLU,MSE,300,0.001,0.75,99.15%,0.2044
802,21-15-3,RELU,MSE,300,0.001,0.5,99.15%,0.2054
279,21-12-3,ISRLU,SSE,300,0.001,0.95,99.15%,0.2069
1358,21-15-20-3,TANH,SSE,300,0.001,0.5,99.15%,0.2073
479,21-20-3,TANH,MSE,300,0.001,0.5,99.15%,0.2132
37,21-15-3,ISRLU,CEE,500,0.001,0.5,98.94%,0.1937
1007,21-20-45-3,ISRLU,CEE,300,0.001,0.75,98.94%,0.1963
60,21-12-3,ISRLU,CEE,500,0.001,0.95,98.94%,0.1972
282,21-12-3,ISRLU,SSE,500,0.001,0.95,98.94%,0.198
229,21-15-3,ISRLU,SSE,500,0.01,0.75,98.94%,0.1988
85,21-15-3,ISRLU,CEE,500,0.0001,0.75,98.94%,0.199
738,21-12-3,RELU,CEE,500,0.0001,0.75,98.94%,0.1997
784,21-15-3,RELU,MSE,300,0.01,0.95,98.94%,0.2
146,21-20-3,ISRLU,MSE,500,0.001,0.5,98.94%,0.2003
95,21-20-3,ISRLU,CEE,300,0.0001,0.75,98.94%,0.2013
276,21-12-3,ISRLU,SSE,500,0.001,0.95,98.94%,0.203
909,21-12-3,RELU,SSE,300,0.001,0.5,98.94%,0.203
161,21-20-3,ISRLU,MSE,300,0.001,0.75,98.94%,0.2036
159,21-12-3,ISRLU,MSE,300,0.001,0.75,98.94%,0.2045
75,21-12-3,ISRLU,CEE,300,0.0001,0.5,98.94%,0.2046
174,21-12-3,ISRLU,MSE,500,0.001,0.95,98.94%,0.2048
263,21-20-3,ISRLU,SSE,300,0.001,0.5,98.94%,0.2049
287,21-20-3,ISRLU,SSE,300,0.001,0.95,98.94%,0.2052
286,21-15-3,ISRLU,SSE,300,0.001,0.95,98.94%,0.2055
931,21-15-3,RELU,SSE,500,0.001,0.95,98.94%,0.2066
17,21-20-3,ISRLU,CEE,300,0.01,0.75,98.72%,0.1949
686,21-20-3,RELU,CEE,500,0.001,0.5,98.72%,0.196
727,21-15-3,RELU,CEE,500,0.0001,0.5,98.72%,0.197
974,21-15-20-3,ISRLU,CEE,300,0.01,0.5,98.72%,0.1971
914,21-20-3,RELU,SSE,500,0.001,0.75,98.72%,0.1975
72,21-12-3,ISRLU,CEE,500,0.0001,0.5,98.72%,0.1986
69,21-12-3,ISRLU,CEE,300,0.001,0.95,98.72%,0.2001
739,21-15-3,RELU,CEE,500,0.0001,0.75,98.72%,0.2006
777,21-12-3,RELU,MSE,300,0.01,0.75,98.72%,0.2008
167,21-20-3,ISRLU,MSE,300,0.001,0.75,98.72%,0.2009
256,21-15-3,ISRLU,SSE,300,0.001,0.5,98.72%,0.2032
873,21-15-3,RELU,SSE,500,0.01,0.5,98.72%,0.2035
153,21-12-3,ISRLU,MSE,300,0.001,0.5,98.72%,0.204
281,21-20-3,ISRLU,SSE,300,0.001,0.95,98.72%,0.2041
177,21-12-3,ISRLU,MSE,300,0.001,0.95,98.72%,0.2043
262,21-15-3,ISRLU,SSE,300,0.001,0.5,98.72%,0.2044
39,21-12-3,ISRLU,CEE,300,0.001,0.5,98.72%,0.2051
268,21-15-3,ISRLU,SSE,300,0.001,0.75,98.72%,0.2059
178,21-15-3,ISRLU,MSE,300,0.001,0.95,98.72%,0.2063
904,21-15-3,RELU,SSE,300,0.001,0.5,98.72%,0.2068
58,21-15-3,ISRLU,CEE,300,0.001,0.75,98.72%,0.2105
1195,21-20-45-3,TANH,CEE,300,0.01,0.5,98.72%,0.242
1241,21-20-45-3,TANH,CEE,500,0.0001,0.5,98.72%,0.2535
976,21-15-20-3,ISRLU,CEE,500,0.01,0.5,98.51%,0.1913
10,21-15-3,ISRLU,CEE,300,0.01,0.5,98.51%,0.192
4,21-15-3,ISRLU,CEE,300,0.01,0.5,98.51%,0.194
888,21-12-3,RELU,SSE,500,0.01,0.95,98.51%,0.2005
912,21-12-3,RELU,SSE,500,0.001,0.75,98.51%,0.2045
700,21-15-3,RELU,CEE,300,0.001,0.75,98.51%,0.2051
1096,21-15-20-3,ISRLU,MSE,500,0.0001,0.5,98.51%,0.2099
993,21-20-45-3,ISRLU,CEE,500,0.01,0.95,98.30%,0.1898
661,21-15-3,RELU,CEE,500,0.01,0.75,98.30%,0.1945
25,21-15-3,ISRLU,CEE,500,0.01,0.95,98.30%,0.1949
265,21-15-3,ISRLU,SSE,500,0.001,0.75,98.30%,0.1995
903,21-12-3,RELU,SSE,300,0.001,0.5,98.30%,0.1996
228,21-12-3,ISRLU,SSE,500,0.01,0.75,98.30%,0.2003
257,21-20-3,ISRLU,SSE,300,0.001,0.5,98.30%,0.2006
979,21-20-45-3,ISRLU,CEE,300,0.01,0.5,98.30%,0.2012
163,21-15-3,ISRLU,MSE,500,0.001,0.75,98.30%,0.2014
928,21-15-3,RELU,SSE,300,0.001,0.95,98.30%,0.2022
755,21-20-3,RELU,CEE,300,0.0001,0.95,98.30%,0.2026
90,21-12-3,ISRLU,CEE,500,0.0001,0.75,98.30%,0.2041
87,21-12-3,ISRLU,CEE,300,0.0001,0.75,98.30%,0.2042
480,21-12-3,TANH,MSE,500,0.001,0.75,98.30%,0.2047
83,21-20-3,ISRLU,CEE,300,0.0001,0.5,98.30%,0.2062
81,21-12-3,ISRLU,CEE,300,0.0001,0.5,98.30%,0.2068
817,21-15-3,RELU,MSE,500,0.001,0.95,98.30%,0.2079
484,21-15-3,TANH,MSE,300,0.001,0.75,98.30%,0.208
604,21-15-3,TANH,SSE,300,0.001,0.95,98.30%,0.2082
1113,21-20-45-3,ISRLU,MSE,500,0.0001,0.95,98.30%,0.2082
1177,21-20-45-3,ISRLU,SSE,500,0.0001,0.75,98.30%,0.2104
1093,21-20-45-3,ISRLU,MSE,500,0.0001,0.5,98.30%,0.2135
1181,21-20-45-3,ISRLU,SSE,500,0.0001,0.95,98.30%,0.214
1028,21-15-20-3,ISRLU,CEE,500,0.0001,0.75,98.09%,0.1912
740,21-20-3,RELU,CEE,500,0.0001,0.75,98.09%,0.1942
3,21-12-3,ISRLU,CEE,300,0.01,0.5,98.09%,0.1947
674,21-20-3,RELU,CEE,500,0.01,0.95,98.09%,0.1975
695,21-20-3,RELU,CEE,300,0.001,0.5,98.09%,0.198
871,21-15-3,RELU,SSE,300,0.01,0.5,98.09%,0.1991
151,21-15-3,ISRLU,MSE,500,0.001,0.5,98.09%,0.2007
789,21-12-3,RELU,MSE,300,0.01,0.95,98.09%,0.2027
812,21-20-3,RELU,MSE,500,0.001,0.75,98.09%,0.203
165,21-12-3,ISRLU,MSE,300,0.001,0.75,98.09%,0.2045
593,21-20-3,TANH,SSE,300,0.001,0.75,98.09%,0.2061
77,21-20-3,ISRLU,CEE,300,0.0001,0.5,98.09%,0.2081
1165,21-20-45-3,ISRLU,SSE,500,0.0001,0.5,98.09%,0.2081
76,21-15-3,ISRLU,CEE,300,0.0001,0.5,98.09%,0.2105
1109,21-20-45-3,ISRLU,MSE,500,0.0001,0.95,98.09%,0.2106
23,21-20-3,ISRLU,CEE,300,0.01,0.75,97.87%,0.192
761,21-20-3,RELU,MSE,300,0.01,0.5,97.87%,0.199
93,21-12-3,ISRLU,CEE,300,0.0001,0.75,97.87%,0.2035
792,21-12-3,RELU,MSE,500,0.001,0.5,97.87%,0.2073
852,21-12-3,RELU,MSE,500,0.0001,0.95,97.87%,0.2078
1027,21-20-45-3,ISRLU,CEE,300,0.0001,0.5,97.87%,0.2091
1185,21-20-45-3,ISRLU,SSE,500,0.0001,0.95,97.87%,0.2165
1097,21-20-45-3,ISRLU,MSE,500,0.0001,0.5,97.87%,0.2178
794,21-20-3,RELU,MSE,500,0.001,0.5,97.66%,0.1963
145,21-15-3,ISRLU,MSE,500,0.001,0.5,97.66%,0.1998
125,21-20-3,ISRLU,MSE,300,0.01,0.75,97.66%,0.2006
99,21-12-3,ISRLU,CEE,300,0.0001,0.95,97.66%,0.2052
78,21-12-3,ISRLU,CEE,500,0.0001,0.5,97.66%,0.2063
267,21-12-3,ISRLU,SSE,300,0.001,0.75,97.66%,0.2075
819,21-12-3,RELU,MSE,300,0.001,0.95,97.66%,0.2075
472,21-15-3,TANH,MSE,300,0.001,0.5,97.66%,0.2124
799,21-15-3,RELU,MSE,500,0.001,0.5,97.65%,0.2079
102,21-12-3,ISRLU,CEE,500,0.0001,0.95,97.45%,0.1987
1040,21-15-20-3,ISRLU,CEE,500,0.0001,0.95,97.45%,0.2
14,21-20-3,ISRLU,CEE,500,0.01,0.75,97.45%,0.2007
708,21-12-3,RELU,CEE,500,0.001,0.95,97.45%,0.2019
901,21-15-3,RELU,SSE,500,0.001,0.5,97.45%,0.2072
933,21-12-3,RELU,SSE,300,0.001,0.95,97.45%,0.2074
1014,21-15-20-3,ISRLU,CEE,300,0.001,0.95,97.45%,0.2107
1101,21-20-45-3,ISRLU,MSE,500,0.0001,0.75,97.45%,0.2123
74,21-20-3,ISRLU,CEE,500,0.0001,0.5,97.45%,0.2132
610,21-15-3,TANH,SSE,300,0.001,0.95,97.45%,0.2134
603,21-12-3,TANH,SSE,300,0.001,0.95,97.45%,0.2147
1172,21-15-20-3,ISRLU,SSE,500,0.0001,0.75,97.45%,0.2158
312,21-12-3,ISRLU,SSE,500,0.0001,0.95,97.45%,0.2184
11,21-20-3,ISRLU,CEE,300,0.01,0.5,97.23%,0.2035
780,21-12-3,RELU,MSE,500,0.01,0.95,97.23%,0.204
808,21-15-3,RELU,MSE,300,0.001,0.75,97.23%,0.2043
1025,21-20-45-3,ISRLU,CEE,500,0.0001,0.5,97.23%,0.2084
935,21-20-3,RELU,SSE,300,0.001,0.95,97.23%,0.2085
1186,21-15-20-3,ISRLU,SSE,300,0.0001,0.95,97.23%,0.2092
82,21-15-3,ISRLU,CEE,300,0.0001,0.5,97.23%,0.2111
829,21-15-3,RELU,MSE,500,0.0001,0.5,97.23%,0.2155
100,21-15-3,ISRLU,CEE,300,0.0001,0.95,97.23%,0.223
428,21-20-3,TANH,CEE,500,0.0001,0.95,97.23%,0.259
1245,21-20-45-3,TANH,CEE,500,0.0001,0.75,97.23%,0.2612
891,21-12-3,RELU,SSE,300,0.01,0.95,97.02%,0.2029
805,21-15-3,RELU,MSE,500,0.001,0.75,97.02%,0.2058
934,21-15-3,RELU,SSE,300,0.001,0.95,97.02%,0.211
211,21-15-3,ISRLU,MSE,500,0.0001,0.95,97.02%,0.2114
1112,21-15-20-3,ISRLU,MSE,500,0.0001,0.95,97.02%,0.2118
13,21-15-3,ISRLU,CEE,500,0.01,0.75,96.81%,0.1989
870,21-12-3,RELU,SSE,300,0.01,0.5,96.81%,0.2065
748,21-15-3,RELU,CEE,300,0.0001,0.95,96.81%,0.2075
804,21-12-3,RELU,MSE,500,0.001,0.75,96.81%,0.2128
1099,21-20-45-3,ISRLU,MSE,300,0.0001,0.5,96.81%,0.2135
925,21-15-3,RELU,SSE,500,0.001,0.95,96.81%,0.2168
1363,21-20-45-3,TANH,SSE,300,0.001,0.5,96.81%,0.2173
1256,21-15-20-3,TANH,CEE,500,0.0001,0.95,96.81%,0.2624
986,21-15-20-3,ISRLU,CEE,300,0.01,0.75,96.60%,0.1963
910,21-15-3,RELU,SSE,300,0.001,0.5,96.60%,0.2028
826,21-15-3,RELU,MSE,300,0.001,0.95,96.60%,0.2092
1105,21-20-45-3,ISRLU,MSE,500,0.0001,0.75,96.60%,0.2132
1167,21-20-45-3,ISRLU,SSE,300,0.0001,0.5,96.60%,0.2133
188,21-20-3,ISRLU,MSE,500,0.0001,0.5,96.60%,0.2187
943,21-15-3,RELU,SSE,500,0.0001,0.5,96.60%,0.2218
950,21-20-3,RELU,SSE,500,0.0001,0.75,96.60%,0.2233
866,21-20-3,RELU,SSE,500,0.01,0.5,96.38%,0.1948
148,21-15-3,ISRLU,MSE,300,0.001,0.5,96.38%,0.2071
771,21-12-3,RELU,MSE,300,0.01,0.75,96.38%,0.2097
770,21-20-3,RELU,MSE,500,0.01,0.75,96.38%,0.2109
94,21-15-3,ISRLU,CEE,300,0.0001,0.75,96.38%,0.2173
1180,21-15-20-3,ISRLU,SSE,500,0.0001,0.95,96.38%,0.22
308,21-20-3,ISRLU,SSE,500,0.0001,0.75,96.38%,0.2248
416,21-20-3,TANH,CEE,500,0.0001,0.75,96.38%,0.2637
1001,21-20-45-3,ISRLU,CEE,500,0.001,0.5,96.17%,0.2006
961,21-15-3,RELU,SSE,500,0.0001,0.95,96.17%,0.213
1184,21-15-20-3,ISRLU,SSE,500,0.0001,0.95,96.17%,0.2133
398,21-20-3,TANH,CEE,500,0.0001,0.5,96.17%,0.2606
1249,21-20-45-3,TANH,CEE,500,0.0001,0.75,96.17%,0.2606
1247,21-20-45-3,TANH,CEE,300,0.0001,0.75,96.17%,0.2639
717,21-12-3,RELU,CEE,300,0.001,0.95,95.96%,0.1972
985,21-20-45-3,ISRLU,CEE,500,0.01,0.75,95.96%,0.1979
26,21-20-3,ISRLU,CEE,500,0.01,0.95,95.96%,0.2004
994,21-15-20-3,ISRLU,CEE,300,0.01,0.95,95.96%,0.2037
893,21-20-3,RELU,SSE,300,0.01,0.95,95.96%,0.2047
64,21-15-3,ISRLU,CEE,300,0.001,0.95,95.96%,0.2116
89,21-20-3,ISRLU,CEE,300,0.0001,0.75,95.96%,0.2161
1187,21-20-45-3,ISRLU,SSE,300,0.0001,0.95,95.96%,0.217
101,21-20-3,ISRLU,CEE,300,0.0001,0.95,95.96%,0.2172
1175,21-20-45-3,ISRLU,SSE,300,0.0001,0.75,95.96%,0.2191
1045,21-20-45-3,ISRLU,MSE,500,0.01,0.5,95.74%,0.2054
823,21-15-3,RELU,MSE,500,0.001,0.95,95.74%,0.213
907,21-15-3,RELU,SSE,500,0.001,0.5,95.74%,0.2153
835,21-15-3,RELU,MSE,500,0.0001,0.5,95.74%,0.2165
106,21-15-3,ISRLU,CEE,300,0.0001,0.95,95.74%,0.2249
857,21-20-3,RELU,MSE,300,0.0001,0.95,95.74%,0.2381
995,21-20-45-3,ISRLU,CEE,300,0.01,0.95,95.53%,0.1991
1166,21-15-20-3,ISRLU,SSE,300,0.0001,0.5,95.53%,0.2216
104,21-20-3,ISRLU,CEE,500,0.0001,0.95,95.53%,0.2231
402,21-12-3,TANH,CEE,500,0.0001,0.5,95.53%,0.2587
989,21-20-45-3,ISRLU,CEE,500,0.01,0.95,95.32%,0.2021
654,21-12-3,RELU,CEE,500,0.01,0.5,95.32%,0.2035
772,21-15-3,RELU,MSE,300,0.01,0.75,95.32%,0.2035
753,21-12-3,RELU,CEE,300,0.0001,0.95,95.32%,0.2276
320,21-20-3,ISRLU,SSE,500,0.0001,0.95,95.32%,0.2311
1021,21-20-45-3,ISRLU,CEE,500,0.0001,0.5,95.32%,0.232
973,21-20-45-3,ISRLU,CEE,500,0.01,0.5,95.11%,0.2025
720,21-12-3,RELU,CEE,500,0.0001,0.5,95.11%,0.2099
786,21-12-3,RELU,MSE,500,0.01,0.95,95.11%,0.2099
949,21-15-3,RELU,SSE,500,0.0001,0.75,95.11%,0.2121
96,21-12-3,ISRLU,CEE,500,0.0001,0.95,95.11%,0.2237
301,21-15-3,ISRLU,SSE,500,0.0001,0.75,95.11%,0.2296
1115,21-20-45-3,ISRLU,MSE,300,0.0001,0.95,95.11%,0.232
186,21-12-3,ISRLU,MSE,500,0.0001,0.5,95.11%,0.2346
1237,21-20-45-3,TANH,CEE,500,0.0001,0.5,95.11%,0.2601
1248,21-15-20-3,TANH,CEE,500,0.0001,0.75,95.11%,0.2653
427,21-15-3,TANH,CEE,500,0.0001,0.95,95.11%,0.2675
895,21-15-3,RELU,SSE,500,0.01,0.95,94.89%,0.209
22,21-15-3,ISRLU,CEE,300,0.01,0.75,94.89%,0.2102
1026,21-15-20-3,ISRLU,CEE,300,0.0001,0.5,94.89%,0.2203
1178,21-15-20-3,ISRLU,SSE,300,0.0001,0.75,94.89%,0.2214
1104,21-15-20-3,ISRLU,MSE,500,0.0001,0.75,94.89%,0.2224
856,21-15-3,RELU,MSE,300,0.0001,0.95,94.89%,0.2231
853,21-15-3,RELU,MSE,500,0.0001,0.95,94.89%,0.2248
854,21-20-3,RELU,MSE,500,0.0001,0.95,94.89%,0.2354
663,21-12-3,RELU,CEE,300,0.01,0.75,94.68%,0.2004
975,21-20-45-3,ISRLU,CEE,300,0.01,0.5,94.68%,0.2061
741,21-12-3,RELU,CEE,300,0.0001,0.75,94.68%,0.2129
697,21-15-3,RELU,CEE,500,0.001,0.75,94.68%,0.2295
690,21-12-3,RELU,CEE,500,0.001,0.5,94.47%,0.2119
314,21-20-3,ISRLU,SSE,500,0.0001,0.95,94.47%,0.2154
1239,21-20-45-3,TANH,CEE,300,0.0001,0.5,94.47%,0.2695
1,21-15-3,ISRLU,CEE,500,0.01,0.5,94.26%,0.2084
1094,21-15-20-3,ISRLU,MSE,300,0.0001,0.5,94.26%,0.2176
868,21-15-3,RELU,SSE,300,0.01,0.5,94.26%,0.2188
1176,21-15-20-3,ISRLU,SSE,500,0.0001,0.75,94.26%,0.2213
212,21-20-3,ISRLU,MSE,500,0.0001,0.95,94.26%,0.2356
201,21-12-3,ISRLU,MSE,300,0.0001,0.75,94.26%,0.2367
699,21-12-3,RELU,CEE,300,0.001,0.75,94.04%,0.2095
992,21-15-20-3,ISRLU,CEE,500,0.01,0.95,94.04%,0.2118
820,21-15-3,RELU,MSE,300,0.001,0.95,94.04%,0.2143
1092,21-15-20-3,ISRLU,MSE,500,0.0001,0.5,94.04%,0.2223
288,21-12-3,ISRLU,SSE,500,0.0001,0.5,94.04%,0.2313
800,21-20-3,RELU,MSE,500,0.001,0.5,93.83%,0.2104
751,21-15-3,RELU,CEE,500,0.0001,0.95,93.83%,0.2126
180,21-12-3,ISRLU,MSE,500,0.0001,0.5,93.83%,0.2338
944,21-20-3,RELU,SSE,500,0.0001,0.5,93.62%,0.2204
845,21-20-3,RELU,MSE,300,0.0001,0.75,93.62%,0.2337
947,21-20-3,RELU,SSE,300,0.0001,0.5,93.62%,0.2385
754,21-15-3,RELU,CEE,300,0.0001,0.95,93.62%,0.2512
729,21-12-3,RELU,CEE,300,0.0001,0.5,93.40%,0.2151
983,21-20-45-3,ISRLU,CEE,300,0.01,0.75,93.40%,0.2159
836,21-20-3,RELU,MSE,500,0.0001,0.5,93.40%,0.2216
1107,21-20-45-3,ISRLU,MSE,300,0.0001,0.75,93.40%,0.2365
732,21-12-3,RELU,CEE,500,0.0001,0.75,93.40%,0.2367
999,21-20-45-3,ISRLU,CEE,300,0.001,0.5,93.40%,0.2374
408,21-12-3,TANH,CEE,500,0.0001,0.75,93.40%,0.2711
815,21-20-3,RELU,MSE,300,0.001,0.75,93.19%,0.2193
929,21-20-3,RELU,SSE,300,0.001,0.95,93.19%,0.2193
838,21-15-3,RELU,MSE,300,0.0001,0.5,93.19%,0.2219
1174,21-15-20-3,ISRLU,SSE,300,0.0001,0.75,93.19%,0.23
653,21-20-3,RELU,CEE,300,0.01,0.5,92.98%,0.2066
875,21-20-3,RELU,SSE,300,0.01,0.5,92.98%,0.2108
91,21-15-3,ISRLU,CEE,500,0.0001,0.75,92.98%,0.22
781,21-15-3,RELU,MSE,500,0.01,0.95,92.98%,0.225
798,21-12-3,RELU,MSE,500,0.001,0.5,92.98%,0.2275
1171,21-20-45-3,ISRLU,SSE,300,0.0001,0.5,92.98%,0.2321
724,21-15-3,RELU,CEE,300,0.0001,0.5,92.77%,0.2121
1100,21-15-20-3,ISRLU,MSE,500,0.0001,0.75,92.77%,0.2136
315,21-12-3,ISRLU,SSE,300,0.0001,0.95,92.77%,0.2278
869,21-20-3,RELU,SSE,300,0.01,0.5,92.77%,0.2321
725,21-20-3,RELU,CEE,300,0.0001,0.5,92.77%,0.2331
204,21-12-3,ISRLU,MSE,500,0.0001,0.95,92.77%,0.2338
88,21-15-3,ISRLU,CEE,300,0.0001,0.75,92.77%,0.246
962,21-20-3,RELU,SSE,500,0.0001,0.95,92.77%,0.252
410,21-20-3,TANH,CEE,500,0.0001,0.75,92.77%,0.2678
749,21-20-3,RELU,CEE,300,0.0001,0.95,92.55%,0.2192
839,21-20-3,RELU,MSE,300,0.0001,0.5,92.55%,0.2318
1108,21-15-20-3,ISRLU,MSE,500,0.0001,0.95,92.55%,0.232
8,21-20-3,ISRLU,CEE,500,0.01,0.5,92.34%,0.2099
915,21-12-3,RELU,SSE,300,0.001,0.75,92.34%,0.2188
107,21-20-3,ISRLU,CEE,300,0.0001,0.95,92.34%,0.226
824,21-20-3,RELU,MSE,500,0.001,0.95,92.34%,0.2302
1168,21-15-20-3,ISRLU,SSE,500,0.0001,0.5,92.34%,0.2395
968,21-20-3,RELU,SSE,500,0.0001,0.95,92.34%,0.2438
955,21-15-3,RELU,SSE,500,0.0001,0.75,92.34%,0.244
414,21-12-3,TANH,CEE,500,0.0001,0.75,92.34%,0.2636
160,21-15-3,ISRLU,MSE,300,0.001,0.75,92.13%,0.2349
190,21-15-3,ISRLU,MSE,300,0.0001,0.5,92.13%,0.2378
210,21-12-3,ISRLU,MSE,500,0.0001,0.95,91.91%,0.2327
945,21-12-3,RELU,SSE,300,0.0001,0.5,91.91%,0.2356
289,21-15-3,ISRLU,SSE,500,0.0001,0.5,91.91%,0.2366
1095,21-20-45-3,ISRLU,MSE,300,0.0001,0.5,91.91%,0.2372
199,21-15-3,ISRLU,MSE,500,0.0001,0.75,91.91%,0.2416
409,21-15-3,TANH,CEE,500,0.0001,0.75,91.91%,0.2612
863,21-20-3,RELU,MSE,300,0.0001,0.95,91.70%,0.2257
930,21-12-3,RELU,SSE,500,0.001,0.95,91.70%,0.2332
1179,21-20-45-3,ISRLU,SSE,300,0.0001,0.75,91.70%,0.234
1110,21-15-20-3,ISRLU,MSE,300,0.0001,0.95,91.70%,0.2366
290,21-20-3,ISRLU,SSE,500,0.0001,0.5,91.70%,0.2378
307,21-15-3,ISRLU,SSE,500,0.0001,0.75,91.28%,0.2259
313,21-15-3,ISRLU,SSE,500,0.0001,0.95,91.28%,0.2335
924,21-12-3,RELU,SSE,500,0.001,0.95,91.28%,0.2379
735,21-12-3,RELU,CEE,300,0.0001,0.75,91.06%,0.2299
195,21-12-3,ISRLU,MSE,300,0.0001,0.75,91.06%,0.2365
214,21-15-3,ISRLU,MSE,300,0.0001,0.95,91.06%,0.2371
849,21-12-3,RELU,MSE,300,0.0001,0.75,91.06%,0.2427
209,21-20-3,ISRLU,MSE,300,0.0001,0.95,91.06%,0.2446
678,21-12-3,RELU,CEE,500,0.01,0.95,90.85%,0.2176
651,21-12-3,RELU,CEE,300,0.01,0.5,90.85%,0.2198
685,21-15-3,RELU,CEE,500,0.001,0.5,90.85%,0.2215
1022,21-20-45-3,ISRLU,CEE,300,0.0001,0.5,90.85%,0.227
1111,21-20-45-3,ISRLU,MSE,300,0.0001,0.95,90.85%,0.2367
197,21-20-3,ISRLU,MSE,300,0.0001,0.75,90.85%,0.2385
187,21-15-3,ISRLU,MSE,500,0.0001,0.5,90.85%,0.2397
189,21-12-3,ISRLU,MSE,300,0.0001,0.5,90.85%,0.247
206,21-20-3,ISRLU,MSE,500,0.0001,0.95,90.64%,0.2406
305,21-20-3,ISRLU,SSE,300,0.0001,0.75,90.64%,0.2428
293,21-20-3,ISRLU,SSE,300,0.0001,0.5,90.64%,0.2448
1208,21-15-20-3,TANH,CEE,500,0.01,0.95,90.64%,0.2644
818,21-20-3,RELU,MSE,500,0.001,0.95,90.43%,0.2357
296,21-20-3,ISRLU,SSE,500,0.0001,0.5,90.43%,0.2426
323,21-20-3,ISRLU,SSE,300,0.0001,0.95,90.43%,0.2482
1236,21-15-20-3,TANH,CEE,500,0.0001,0.5,90.43%,0.2628
987,21-20-45-3,ISRLU,CEE,300,0.01,0.75,90.21%,0.2373
304,21-15-3,ISRLU,SSE,300,0.0001,0.75,90.21%,0.2501
1037,21-15-20-3,ISRLU,CEE,300,0.0001,0.95,90.21%,0.254
1106,21-15-20-3,ISRLU,MSE,300,0.0001,0.75,90.00%,0.2358
105,21-12-3,ISRLU,CEE,300,0.0001,0.95,90.00%,0.24
803,21-20-3,RELU,MSE,300,0.001,0.5,90.00%,0.2432
422,21-20-3,TANH,CEE,500,0.0001,0.95,90.00%,0.2635
404,21-20-3,TANH,CEE,500,0.0001,0.5,90.00%,0.2728
908,21-20-3,RELU,SSE,500,0.001,0.5,89.79%,0.2401
294,21-12-3,ISRLU,SSE,500,0.0001,0.5,89.79%,0.2463
300,21-12-3,ISRLU,SSE,500,0.0001,0.75,89.57%,0.2379
953,21-20-3,RELU,SSE,300,0.0001,0.75,89.57%,0.2433
181,21-15-3,ISRLU,MSE,500,0.0001,0.5,89.36%,0.2402
45,21-12-3,ISRLU,CEE,300,0.001,0.5,89.36%,0.2433
966,21-12-3,RELU,SSE,500,0.0001,0.95,89.36%,0.2434
1086,21-15-20-3,ISRLU,MSE,500,0.001,0.95,89.36%,0.2478
814,21-15-3,RELU,MSE,300,0.001,0.75,89.15%,0.2394
316,21-15-3,ISRLU,SSE,300,0.0001,0.95,89.15%,0.2446
1207,21-20-45-3,TANH,CEE,300,0.01,0.95,89.15%,0.2603
939,21-15-3,RELU,SSE,300,0.0001,0.5,88.94%,0.2415
1164,21-15-20-3,ISRLU,SSE,500,0.0001,0.5,88.94%,0.2419
859,21-15-3,RELU,MSE,500,0.0001,0.95,88.94%,0.2452
990,21-15-20-3,ISRLU,CEE,300,0.01,0.95,88.72%,0.2261
918,21-12-3,RELU,SSE,500,0.001,0.75,88.72%,0.2365
830,21-20-3,RELU,MSE,500,0.0001,0.5,88.72%,0.2385
851,21-20-3,RELU,MSE,300,0.0001,0.75,88.72%,0.2443
941,21-20-3,RELU,SSE,300,0.0001,0.5,88.72%,0.2586
834,21-12-3,RELU,MSE,500,0.0001,0.5,88.51%,0.2414
1098,21-15-20-3,ISRLU,MSE,300,0.0001,0.5,88.51%,0.2557
295,21-15-3,ISRLU,SSE,500,0.0001,0.5,88.51%,0.2642
317,21-20-3,ISRLU,SSE,300,0.0001,0.95,88.30%,0.245
321,21-12-3,ISRLU,SSE,300,0.0001,0.95,88.30%,0.2475
182,21-20-3,ISRLU,MSE,500,0.0001,0.5,88.30%,0.2478
200,21-20-3,ISRLU,MSE,500,0.0001,0.75,88.30%,0.2544
534,21-12-3,TANH,MSE,500,0.0001,0.95,88.30%,0.2662
319,21-15-3,ISRLU,SSE,500,0.0001,0.95,88.09%,0.2436
843,21-12-3,RELU,MSE,300,0.0001,0.75,88.09%,0.2446
303,21-12-3,ISRLU,SSE,300,0.0001,0.75,88.09%,0.246
184,21-15-3,ISRLU,MSE,300,0.0001,0.5,88.09%,0.2479
302,21-20-3,ISRLU,SSE,500,0.0001,0.75,88.09%,0.2513
292,21-15-3,ISRLU,SSE,300,0.0001,0.5,88.09%,0.2583
855,21-12-3,RELU,MSE,300,0.0001,0.95,88.09%,0.2651
956,21-20-3,RELU,SSE,500,0.0001,0.75,87.87%,0.2358
687,21-12-3,RELU,CEE,300,0.001,0.5,87.66%,0.2165
203,21-20-3,ISRLU,MSE,300,0.0001,0.75,87.66%,0.2571
194,21-20-3,ISRLU,MSE,500,0.0001,0.75,87.45%,0.2423
299,21-20-3,ISRLU,SSE,300,0.0001,0.5,87.45%,0.2485
311,21-20-3,ISRLU,SSE,300,0.0001,0.75,87.23%,0.2476
298,21-15-3,ISRLU,SSE,300,0.0001,0.5,87.02%,0.2573
185,21-20-3,ISRLU,MSE,300,0.0001,0.5,86.81%,0.2477
529,21-15-3,TANH,MSE,500,0.0001,0.95,86.81%,0.2599
397,21-15-3,TANH,CEE,500,0.0001,0.5,86.60%,0.2698
848,21-20-3,RELU,MSE,500,0.0001,0.75,86.38%,0.2415
797,21-20-3,RELU,MSE,300,0.001,0.5,86.38%,0.2501
191,21-20-3,ISRLU,MSE,300,0.0001,0.5,86.38%,0.2575
1102,21-15-20-3,ISRLU,MSE,300,0.0001,0.75,86.38%,0.2656
844,21-15-3,RELU,MSE,300,0.0001,0.75,86.38%,0.2712
192,21-12-3,ISRLU,MSE,500,0.0001,0.75,86.17%,0.2418
1114,21-15-20-3,ISRLU,MSE,300,0.0001,0.95,86.17%,0.245
810,21-12-3,RELU,MSE,500,0.001,0.75,86.17%,0.2468
309,21-12-3,ISRLU,SSE,300,0.0001,0.75,86.17%,0.2629
684,21-12-3,RELU,CEE,500,0.001,0.5,85.96%,0.2434
655,21-15-3,RELU,CEE,500,0.01,0.5,85.96%,0.2724
1170,21-15-20-3,ISRLU,SSE,300,0.0001,0.5,85.74%,0.2503
861,21-12-3,RELU,MSE,300,0.0001,0.95,85.74%,0.2531
193,21-15-3,ISRLU,MSE,500,0.0001,0.75,85.74%,0.2573
833,21-20-3,RELU,MSE,300,0.0001,0.5,85.74%,0.2615
636,21-12-3,TANH,SSE,500,0.0001,0.95,85.74%,0.2636
867,21-12-3,RELU,SSE,300,0.01,0.5,85.53%,0.2526
207,21-12-3,ISRLU,MSE,300,0.0001,0.95,85.53%,0.2546
970,21-15-3,RELU,SSE,300,0.0001,0.95,85.53%,0.2631
937,21-20-3,RELU,SSE,500,0.0001,0.5,85.53%,0.2751
297,21-12-3,ISRLU,SSE,300,0.0001,0.5,85.32%,0.2542
205,21-15-3,ISRLU,MSE,500,0.0001,0.95,85.32%,0.2631
318,21-12-3,ISRLU,SSE,500,0.0001,0.95,85.32%,0.2674
213,21-12-3,ISRLU,MSE,300,0.0001,0.95,85.32%,0.2703
620,21-20-3,TANH,SSE,500,0.0001,0.5,85.11%,0.2647
809,21-20-3,RELU,MSE,300,0.001,0.75,84.89%,0.2581
632,21-20-3,TANH,SSE,500,0.0001,0.75,84.89%,0.263
938,21-12-3,RELU,SSE,300,0.0001,0.5,84.89%,0.2635
612,21-12-3,TANH,SSE,500,0.0001,0.5,84.68%,0.2671
1182,21-15-20-3,ISRLU,SSE,300,0.0001,0.95,84.47%,0.2602
412,21-15-3,TANH,CEE,300,0.0001,0.75,84.47%,0.2767
840,21-12-3,RELU,MSE,500,0.0001,0.75,84.26%,0.2633
511,21-15-3,TANH,MSE,500,0.0001,0.5,84.26%,0.2647
958,21-15-3,RELU,SSE,300,0.0001,0.75,84.04%,0.2611
668,21-20-3,RELU,CEE,500,0.01,0.75,84.04%,0.2669
504,21-12-3,TANH,MSE,500,0.0001,0.5,83.83%,0.2655
959,21-20-3,RELU,SSE,300,0.0001,0.75,83.62%,0.2432
310,21-15-3,ISRLU,SSE,300,0.0001,0.75,83.62%,0.2552
536,21-20-3,TANH,MSE,500,0.0001,0.95,83.40%,0.2688
405,21-12-3,TANH,CEE,300,0.0001,0.5,83.40%,0.287
841,21-15-3,RELU,MSE,500,0.0001,0.75,82.98%,0.261
644,21-20-3,TANH,SSE,500,0.0001,0.95,82.98%,0.2713
369,21-12-3,TANH,CEE,300,0.001,0.5,82.98%,0.2819
1199,21-20-45-3,TANH,CEE,300,0.01,0.75,82.98%,0.2822
624,21-12-3,TANH,SSE,500,0.0001,0.75,82.77%,0.2664
208,21-15-3,ISRLU,MSE,300,0.0001,0.95,82.77%,0.2688
509,21-20-3,TANH,MSE,300,0.0001,0.5,82.77%,0.2732
415,21-15-3,TANH,CEE,500,0.0001,0.75,82.77%,0.2766
429,21-12-3,TANH,CEE,300,0.0001,0.95,82.77%,0.2895
1201,21-20-45-3,TANH,CEE,500,0.01,0.75,82.59%,0.2818
1183,21-20-45-3,ISRLU,SSE,300,0.0001,0.95,82.55%,0.2657
619,21-15-3,TANH,SSE,500,0.0001,0.5,82.55%,0.2767
631,21-15-3,TANH,SSE,500,0.0001,0.75,82.34%,0.2738
951,21-12-3,RELU,SSE,300,0.0001,0.75,82.34%,0.2742
1317,21-20-45-3,TANH,MSE,500,0.0001,0.75,82.34%,0.2751
388,21-15-3,TANH,CEE,300,0.001,0.95,82.34%,0.2831
1228,21-15-20-3,TANH,CEE,500,0.001,0.95,82.34%,0.2832
1232,21-15-20-3,TANH,CEE,500,0.001,0.95,82.34%,0.2832
1235,21-20-45-3,TANH,CEE,300,0.001,0.95,82.34%,0.2832
373,21-15-3,TANH,CEE,500,0.001,0.75,82.34%,0.2834
1223,21-20-45-3,TANH,CEE,300,0.001,0.75,82.34%,0.2834
1225,21-20-45-3,TANH,CEE,500,0.001,0.75,82.34%,0.2834
1226,21-15-20-3,TANH,CEE,300,0.001,0.75,82.34%,0.2834
1188,21-15-20-3,TANH,CEE,500,0.01,0.5,82.34%,0.284
348,21-12-3,TANH,CEE,500,0.01,0.95,82.34%,0.2851
351,21-12-3,TANH,CEE,300,0.01,0.95,82.34%,0.2851
1205,21-20-45-3,TANH,CEE,500,0.01,0.95,82.34%,0.2851
1206,21-15-20-3,TANH,CEE,300,0.01,0.95,82.34%,0.2851
1210,21-15-20-3,TANH,CEE,300,0.01,0.95,82.34%,0.2851
344,21-15-3,TANH,CEE,300,0.01,0.75,82.34%,0.2852
346,21-12-3,TANH,CEE,300,0.01,0.75,82.34%,0.2852
1196,21-15-20-3,TANH,CEE,500,0.01,0.75,82.34%,0.2852
1198,21-15-20-3,TANH,CEE,300,0.01,0.75,82.34%,0.2852
1190,21-15-20-3,TANH,CEE,300,0.01,0.5,82.34%,0.2854
1192,21-15-20-3,TANH,CEE,500,0.01,0.5,82.34%,0.2854
1194,21-15-20-3,TANH,CEE,300,0.01,0.5,82.34%,0.2854
1320,21-15-20-3,TANH,MSE,500,0.0001,0.75,82.13%,0.2718
1253,21-20-45-3,TANH,CEE,500,0.0001,0.95,82.13%,0.273
1257,21-20-45-3,TANH,CEE,500,0.0001,0.95,82.13%,0.2812
1244,21-15-20-3,TANH,CEE,500,0.0001,0.75,81.91%,0.2782
807,21-12-3,RELU,MSE,300,0.001,0.75,81.70%,0.2663
1252,21-15-20-3,TANH,CEE,500,0.0001,0.95,81.70%,0.2718
514,21-15-3,TANH,MSE,300,0.0001,0.5,81.70%,0.2744
420,21-12-3,TANH,CEE,500,0.0001,0.95,81.70%,0.2845
421,21-15-3,TANH,CEE,500,0.0001,0.95,81.70%,0.2855
403,21-15-3,TANH,CEE,500,0.0001,0.5,81.70%,0.2874
1240,21-15-20-3,TANH,CEE,500,0.0001,0.5,81.70%,0.2874
1258,21-15-20-3,TANH,CEE,300,0.0001,0.95,81.49%,0.2944
927,21-12-3,RELU,SSE,300,0.001,0.95,81.28%,0.2416
960,21-12-3,RELU,SSE,500,0.0001,0.95,81.28%,0.2601
396,21-12-3,TANH,CEE,500,0.0001,0.5,81.28%,0.2648
528,21-12-3,TANH,MSE,500,0.0001,0.95,81.28%,0.2651
963,21-12-3,RELU,SSE,300,0.0001,0.95,81.28%,0.2663
713,21-20-3,RELU,CEE,300,0.001,0.95,81.28%,0.2685
842,21-20-3,RELU,MSE,500,0.0001,0.75,81.28%,0.2689
747,21-12-3,RELU,CEE,300,0.0001,0.95,81.28%,0.273
506,21-20-3,TANH,MSE,500,0.0001,0.5,81.06%,0.2777
746,21-20-3,RELU,CEE,500,0.0001,0.95,81.06%,0.2857
1255,21-20-45-3,TANH,CEE,300,0.0001,0.95,81.06%,0.2943
637,21-15-3,TANH,SSE,500,0.0001,0.95,80.85%,0.2691
1324,21-15-20-3,TANH,MSE,500,0.0001,0.95,80.85%,0.2742
202,21-15-3,ISRLU,MSE,300,0.0001,0.75,80.85%,0.2748
1254,21-15-20-3,TANH,CEE,300,0.0001,0.95,80.85%,0.2907
423,21-12-3,TANH,CEE,300,0.0001,0.95,80.85%,0.2908
424,21-15-3,TANH,CEE,300,0.0001,0.95,80.85%,0.2914
813,21-12-3,RELU,MSE,300,0.001,0.75,80.80%,0.2521
964,21-15-3,RELU,SSE,300,0.0001,0.95,80.64%,0.2698
530,21-20-3,TANH,MSE,500,0.0001,0.95,80.64%,0.272
524,21-20-3,TANH,MSE,500,0.0001,0.75,80.64%,0.2809
518,21-15-3,TANH,MSE,300,0.0001,0.75,80.43%,0.2813
1250,21-15-20-3,TANH,CEE,300,0.0001,0.75,80.43%,0.2923
431,21-20-3,TANH,CEE,300,0.0001,0.95,80.43%,0.2961
879,21-12-3,RELU,SSE,300,0.01,0.75,80.21%,0.2635
399,21-12-3,TANH,CEE,300,0.0001,0.5,80.21%,0.2877
1331,21-20-45-3,TANH,MSE,300,0.0001,0.95,80.00%,0.2765
519,21-20-3,TANH,MSE,300,0.0001,0.75,80.00%,0.2775
858,21-12-3,RELU,MSE,500,0.0001,0.95,80.00%,0.2823
401,21-20-3,TANH,CEE,300,0.0001,0.5,80.00%,0.2826
952,21-15-3,RELU,SSE,300,0.0001,0.75,80.00%,0.2826
948,21-12-3,RELU,SSE,500,0.0001,0.75,80.00%,0.2831
615,21-12-3,TANH,SSE,300,0.0001,0.5,80.00%,0.2836
1197,21-20-45-3,TANH,CEE,500,0.01,0.75,80.00%,0.2883
1325,21-20-45-3,TANH,MSE,500,0.0001,0.95,79.79%,0.2707
411,21-12-3,TANH,CEE,300,0.0001,0.75,79.79%,0.2782
426,21-12-3,TANH,CEE,500,0.0001,0.95,79.79%,0.2808
522,21-12-3,TANH,MSE,300,0.0001,0.75,79.79%,0.2836
733,21-15-3,RELU,CEE,500,0.0001,0.75,79.79%,0.2837
417,21-12-3,TANH,CEE,300,0.0001,0.75,79.79%,0.3
640,21-15-3,TANH,SSE,300,0.0001,0.95,79.57%,0.2845
430,21-15-3,TANH,CEE,300,0.0001,0.95,79.57%,0.287
1259,21-20-45-3,TANH,CEE,300,0.0001,0.95,79.57%,0.2994
726,21-12-3,RELU,CEE,500,0.0001,0.5,79.57%,0.3031
920,21-20-3,RELU,SSE,500,0.001,0.75,79.36%,0.2657
1309,21-20-45-3,TANH,MSE,500,0.0001,0.5,79.36%,0.2678
621,21-12-3,TANH,SSE,300,0.0001,0.5,79.36%,0.2773
940,21-15-3,RELU,SSE,500,0.0001,0.5,79.36%,0.2779
617,21-20-3,TANH,SSE,300,0.0001,0.5,79.36%,0.2821
641,21-20-3,TANH,SSE,300,0.0001,0.95,79.36%,0.2857
702,21-12-3,RELU,CEE,500,0.001,0.75,79.15%,0.2688
969,21-12-3,RELU,SSE,300,0.0001,0.95,79.15%,0.2725
613,21-15-3,TANH,SSE,500,0.0001,0.5,79.15%,0.2754
638,21-20-3,TANH,SSE,500,0.0001,0.95,79.15%,0.2839
1316,21-15-20-3,TANH,MSE,500,0.0001,0.75,79.15%,0.2848
898,21-15-3,RELU,SSE,300,0.01,0.95,78.94%,0.2623
967,21-15-3,RELU,SSE,500,0.0001,0.95,78.94%,0.2628
942,21-12-3,RELU,SSE,500,0.0001,0.5,78.94%,0.2709
183,21-12-3,ISRLU,MSE,300,0.0001,0.5,78.94%,0.2818
215,21-20-3,ISRLU,MSE,300,0.0001,0.95,78.72%,0.2768
531,21-12-3,TANH,MSE,300,0.0001,0.95,78.72%,0.2884
618,21-12-3,TANH,SSE,500,0.0001,0.5,78.51%,0.2739
1329,21-20-45-3,TANH,MSE,500,0.0001,0.95,78.51%,0.2831
5,21-20-3,ISRLU,CEE,300,0.01,0.5,78.30%,0.2783
198,21-12-3,ISRLU,MSE,500,0.0001,0.75,78.30%,0.281
407,21-20-3,TANH,CEE,300,0.0001,0.5,78.30%,0.2897
1308,21-15-20-3,TANH,MSE,500,0.0001,0.5,78.09%,0.2721
946,21-15-3,RELU,SSE,300,0.0001,0.5,78.09%,0.2726
413,21-20-3,TANH,CEE,300,0.0001,0.75,78.09%,0.2896
533,21-20-3,TANH,MSE,300,0.0001,0.95,77.87%,0.2735
419,21-20-3,TANH,CEE,300,0.0001,0.75,77.87%,0.2846
954,21-12-3,RELU,SSE,500,0.0001,0.75,77.66%,0.2765
520,21-12-3,TANH,MSE,500,0.0001,0.75,77.66%,0.2804
539,21-20-3,TANH,MSE,300,0.0001,0.95,77.66%,0.2828
971,21-20-3,RELU,SSE,300,0.0001,0.95,77.66%,0.289
425,21-20-3,TANH,CEE,300,0.0001,0.95,77.66%,0.3007
913,21-15-3,RELU,SSE,500,0.001,0.75,77.45%,0.2694
850,21-15-3,RELU,MSE,300,0.0001,0.75,77.23%,0.285
832,21-15-3,RELU,MSE,300,0.0001,0.5,77.23%,0.2853
406,21-15-3,TANH,CEE,300,0.0001,0.5,77.23%,0.2946
616,21-15-3,TANH,SSE,300,0.0001,0.5,77.02%,0.2835
510,21-12-3,TANH,MSE,500,0.0001,0.5,77.02%,0.2867
1189,21-20-45-3,TANH,CEE,500,0.01,0.5,77.02%,0.2926
714,21-12-3,RELU,CEE,500,0.001,0.95,77.02%,0.2954
828,21-12-3,RELU,MSE,500,0.0001,0.5,76.60%,0.272
512,21-20-3,TANH,MSE,500,0.0001,0.5,76.60%,0.2727
1321,21-20-45-3,TANH,MSE,500,0.0001,0.75,76.60%,0.2794
860,21-20-3,RELU,MSE,500,0.0001,0.95,76.60%,0.2796
936,21-12-3,RELU,SSE,500,0.0001,0.5,76.60%,0.2841
847,21-15-3,RELU,MSE,500,0.0001,0.75,76.60%,0.2905
306,21-12-3,ISRLU,SSE,500,0.0001,0.75,76.38%,0.2819
525,21-12-3,TANH,MSE,300,0.0001,0.75,76.38%,0.2843
1326,21-15-20-3,TANH,MSE,300,0.0001,0.95,76.17%,0.2826
196,21-15-3,ISRLU,MSE,300,0.0001,0.75,75.96%,0.2678
1327,21-20-45-3,TANH,MSE,300,0.0001,0.95,75.96%,0.2841
916,21-15-3,RELU,SSE,300,0.001,0.75,75.74%,0.2576
965,21-20-3,RELU,SSE,300,0.0001,0.95,75.74%,0.2886
629,21-20-3,TANH,SSE,300,0.0001,0.75,75.53%,0.2836
831,21-12-3,RELU,MSE,300,0.0001,0.5,75.53%,0.2849
711,21-12-3,RELU,CEE,300,0.001,0.95,75.53%,0.2995
957,21-12-3,RELU,SSE,300,0.0001,0.75,75.32%,0.2753
508,21-15-3,TANH,MSE,300,0.0001,0.5,75.32%,0.2834
1330,21-15-20-3,TANH,MSE,300,0.0001,0.95,75.32%,0.2841
322,21-15-3,ISRLU,SSE,300,0.0001,0.95,75.32%,0.2865
400,21-15-3,TANH,CEE,300,0.0001,0.5,75.32%,0.3015
905,21-20-3,RELU,SSE,300,0.001,0.5,75.27%,0.2897
642,21-12-3,TANH,SSE,500,0.0001,0.95,75.11%,0.2855
614,21-20-3,TANH,SSE,500,0.0001,0.5,75.11%,0.2861
1311,21-20-45-3,TANH,MSE,300,0.0001,0.5,75.11%,0.2868
521,21-20-3,TANH,MSE,500,0.0001,0.75,74.89%,0.2819
1328,21-15-20-3,TANH,MSE,500,0.0001,0.95,74.89%,0.2867
418,21-15-3,TANH,CEE,300,0.0001,0.75,74.89%,0.3032
505,21-15-3,TANH,MSE,500,0.0001,0.5,74.68%,0.2818
675,21-12-3,RELU,CEE,300,0.01,0.95,74.68%,0.2967
647,21-20-3,TANH,SSE,300,0.0001,0.95,74.47%,0.3
664,21-15-3,RELU,CEE,300,0.01,0.75,74.47%,0.3005
648,21-12-3,RELU,CEE,500,0.01,0.5,74.47%,0.3158
516,21-12-3,TANH,MSE,500,0.0001,0.75,74.26%,0.2866
776,21-20-3,RELU,MSE,500,0.01,0.75,73.83%,0.2736
672,21-12-3,RELU,CEE,500,0.01,0.95,73.83%,0.301
515,21-20-3,TANH,MSE,300,0.0001,0.5,73.62%,0.2861
1246,21-15-20-3,TANH,CEE,300,0.0001,0.75,73.62%,0.2952
680,21-20-3,RELU,CEE,500,0.01,0.95,73.62%,0.2981
622,21-15-3,TANH,SSE,300,0.0001,0.5,73.40%,0.2861
649,21-15-3,RELU,CEE,500,0.01,0.5,73.40%,0.3019
737,21-20-3,RELU,CEE,300,0.0001,0.75,73.40%,0.3027
291,21-12-3,ISRLU,SSE,300,0.0001,0.5,73.19%,0.2893
736,21-15-3,RELU,CEE,300,0.0001,0.75,73.19%,0.3044
625,21-15-3,TANH,SSE,500,0.0001,0.75,72.98%,0.2812
1323,21-20-45-3,TANH,MSE,300,0.0001,0.75,72.98%,0.2853
627,21-12-3,TANH,SSE,300,0.0001,0.75,72.98%,0.2908
730,21-15-3,RELU,CEE,300,0.0001,0.5,72.77%,0.3252
623,21-20-3,TANH,SSE,300,0.0001,0.5,72.55%,0.2794
538,21-15-3,TANH,MSE,300,0.0001,0.95,72.55%,0.2922
1319,21-20-45-3,TANH,MSE,300,0.0001,0.75,72.34%,0.2837
639,21-12-3,TANH,SSE,300,0.0001,0.95,72.13%,0.3045
731,21-20-3,RELU,CEE,300,0.0001,0.5,71.91%,0.2726
821,21-20-3,RELU,MSE,300,0.001,0.95,71.91%,0.2881
728,21-20-3,RELU,CEE,500,0.0001,0.5,71.91%,0.318
527,21-20-3,TANH,MSE,300,0.0001,0.75,71.70%,0.2886
760,21-15-3,RELU,MSE,300,0.01,0.5,71.49%,0.2685
517,21-15-3,TANH,MSE,500,0.0001,0.75,71.28%,0.2848
646,21-15-3,TANH,SSE,300,0.0001,0.95,71.28%,0.2991
628,21-15-3,TANH,SSE,300,0.0001,0.75,71.06%,0.2884
752,21-20-3,RELU,CEE,500,0.0001,0.95,71.06%,0.3074
507,21-12-3,TANH,MSE,300,0.0001,0.5,70.85%,0.2858
759,21-12-3,RELU,MSE,300,0.01,0.5,70.64%,0.2836
1243,21-20-45-3,TANH,CEE,300,0.0001,0.5,70.43%,0.3145
1310,21-15-20-3,TANH,MSE,300,0.0001,0.5,70.21%,0.2976
846,21-12-3,RELU,MSE,500,0.0001,0.75,70.21%,0.3035
811,21-15-3,RELU,MSE,500,0.001,0.75,69.85%,0.3098
743,21-20-3,RELU,CEE,300,0.0001,0.75,69.79%,0.3236
532,21-15-3,TANH,MSE,300,0.0001,0.95,69.57%,0.2872
537,21-12-3,TANH,MSE,300,0.0001,0.95,69.57%,0.2889
1322,21-15-20-3,TANH,MSE,300,0.0001,0.75,69.57%,0.2895
742,21-15-3,RELU,CEE,300,0.0001,0.75,69.36%,0.3161
745,21-15-3,RELU,CEE,500,0.0001,0.95,69.36%,0.3169
886,21-15-3,RELU,SSE,300,0.01,0.75,68.94%,0.2825
837,21-12-3,RELU,MSE,300,0.0001,0.5,68.30%,0.296
643,21-15-3,TANH,SSE,500,0.0001,0.95,68.09%,0.2872
634,21-15-3,TANH,SSE,300,0.0001,0.75,67.87%,0.2894
630,21-12-3,TANH,SSE,500,0.0001,0.75,67.66%,0.2888
513,21-12-3,TANH,MSE,300,0.0001,0.5,67.66%,0.3002
645,21-12-3,TANH,SSE,300,0.0001,0.95,67.45%,0.2882
523,21-15-3,TANH,MSE,500,0.0001,0.75,67.02%,0.2906
526,21-15-3,TANH,MSE,300,0.0001,0.75,66.81%,0.2924
1313,21-20-45-3,TANH,MSE,500,0.0001,0.5,66.38%,0.2896
635,21-20-3,TANH,SSE,300,0.0001,0.75,66.17%,0.2889
535,21-15-3,TANH,MSE,500,0.0001,0.95,65.96%,0.2888
626,21-20-3,TANH,SSE,500,0.0001,0.75,65.32%,0.2893
1312,21-15-20-3,TANH,MSE,500,0.0001,0.5,65.32%,0.2893
633,21-12-3,TANH,SSE,300,0.0001,0.75,65.32%,0.2925
1318,21-15-20-3,TANH,MSE,300,0.0001,0.75,65.32%,0.2942
1315,21-20-45-3,TANH,MSE,300,0.0001,0.5,65.32%,0.3036
1251,21-20-45-3,TANH,CEE,300,0.0001,0.75,65.32%,0.3141
1238,21-15-20-3,TANH,CEE,300,0.0001,0.5,65.32%,0.3172
1202,21-15-20-3,TANH,CEE,300,0.01,0.75,65.32%,0.3183
1242,21-15-20-3,TANH,CEE,300,0.0001,0.5,65.32%,0.3221
1314,21-15-20-3,TANH,MSE,300,0.0001,0.5,65.32%,0.323
890,21-20-3,RELU,SSE,500,0.01,0.95,65.32%,0.327
897,21-12-3,RELU,SSE,300,0.01,0.95,65.32%,0.327
722,21-20-3,RELU,CEE,500,0.0001,0.5,65.32%,0.329
862,21-15-3,RELU,MSE,300,0.0001,0.95,43.19%,0.3449
46,21-15-3,ISRLU,CEE,300,0.001,0.5,17.66%, NaN
652,21-15-3,RELU,CEE,300,0.01,0.5,17.66%, NaN
657,21-12-3,RELU,CEE,300,0.01,0.5,17.66%, NaN
662,21-20-3,RELU,CEE,500,0.01,0.75,17.66%, NaN
667,21-15-3,RELU,CEE,500,0.01,0.75,17.66%, NaN
669,21-12-3,RELU,CEE,300,0.01,0.75,17.66%, NaN
670,21-15-3,RELU,CEE,300,0.01,0.75,17.66%, NaN
671,21-20-3,RELU,CEE,300,0.01,0.75,17.66%, NaN
673,21-15-3,RELU,CEE,500,0.01,0.95,17.66%, NaN
676,21-15-3,RELU,CEE,300,0.01,0.95,17.66%, NaN
679,21-15-3,RELU,CEE,500,0.01,0.95,17.66%, NaN
681,21-12-3,RELU,CEE,300,0.01,0.95,17.66%, NaN
688,21-15-3,RELU,CEE,300,0.001,0.5,17.66%, NaN
691,21-15-3,RELU,CEE,500,0.001,0.5,17.66%, NaN
693,21-12-3,RELU,CEE,300,0.001,0.5,17.66%, NaN
696,21-12-3,RELU,CEE,500,0.001,0.75,17.66%, NaN
704,21-20-3,RELU,CEE,500,0.001,0.75,17.66%, NaN
706,21-15-3,RELU,CEE,300,0.001,0.75,17.66%, NaN
715,21-15-3,RELU,CEE,500,0.001,0.95,17.66%, NaN
718,21-15-3,RELU,CEE,300,0.001,0.95,17.66%, NaN
719,21-20-3,RELU,CEE,300,0.001,0.95,17.66%, NaN
721,21-15-3,RELU,CEE,500,0.0001,0.5,17.66%, NaN
723,21-12-3,RELU,CEE,300,0.0001,0.5,17.66%, NaN
734,21-20-3,RELU,CEE,500,0.0001,0.75,17.66%, NaN
744,21-12-3,RELU,CEE,500,0.0001,0.95,17.66%, NaN
750,21-12-3,RELU,CEE,500,0.0001,0.95,17.66%, NaN
756,21-12-3,RELU,MSE,500,0.01,0.5,17.66%, NaN
757,21-15-3,RELU,MSE,500,0.01,0.5,17.66%, NaN
758,21-20-3,RELU,MSE,500,0.01,0.5,17.66%, NaN
762,21-12-3,RELU,MSE,500,0.01,0.5,17.66%, NaN
763,21-15-3,RELU,MSE,500,0.01,0.5,17.66%, NaN
764,21-20-3,RELU,MSE,500,0.01,0.5,17.66%, NaN
765,21-12-3,RELU,MSE,300,0.01,0.5,17.66%, NaN
766,21-15-3,RELU,MSE,300,0.01,0.5,17.66%, NaN
768,21-12-3,RELU,MSE,500,0.01,0.75,17.66%, NaN
769,21-15-3,RELU,MSE,500,0.01,0.75,17.66%, NaN
773,21-20-3,RELU,MSE,300,0.01,0.75,17.66%, NaN
774,21-12-3,RELU,MSE,500,0.01,0.75,17.66%, NaN
775,21-15-3,RELU,MSE,500,0.01,0.75,17.66%, NaN
778,21-15-3,RELU,MSE,300,0.01,0.75,17.66%, NaN
779,21-20-3,RELU,MSE,300,0.01,0.75,17.66%, NaN
782,21-20-3,RELU,MSE,500,0.01,0.95,17.66%, NaN
783,21-12-3,RELU,MSE,300,0.01,0.95,17.66%, NaN
785,21-20-3,RELU,MSE,300,0.01,0.95,17.66%, NaN
787,21-15-3,RELU,MSE,500,0.01,0.95,17.66%, NaN
788,21-20-3,RELU,MSE,500,0.01,0.95,17.66%, NaN
790,21-15-3,RELU,MSE,300,0.01,0.95,17.66%, NaN
791,21-20-3,RELU,MSE,300,0.01,0.95,17.66%, NaN
793,21-15-3,RELU,MSE,500,0.001,0.5,17.66%, NaN
796,21-15-3,RELU,MSE,300,0.001,0.5,17.66%, NaN
801,21-12-3,RELU,MSE,300,0.001,0.5,17.66%, NaN
825,21-12-3,RELU,MSE,300,0.001,0.95,17.66%, NaN
864,21-12-3,RELU,SSE,500,0.01,0.5,17.66%, NaN
865,21-15-3,RELU,SSE,500,0.01,0.5,17.66%, NaN
872,21-12-3,RELU,SSE,500,0.01,0.5,17.66%, NaN
874,21-20-3,RELU,SSE,500,0.01,0.5,17.66%, NaN
876,21-12-3,RELU,SSE,500,0.01,0.75,17.66%, NaN
877,21-15-3,RELU,SSE,500,0.01,0.75,17.66%, NaN
878,21-20-3,RELU,SSE,500,0.01,0.75,17.66%, NaN
880,21-15-3,RELU,SSE,300,0.01,0.75,17.66%, NaN
881,21-20-3,RELU,SSE,300,0.01,0.75,17.66%, NaN
882,21-12-3,RELU,SSE,500,0.01,0.75,17.66%, NaN
883,21-15-3,RELU,SSE,500,0.01,0.75,17.66%, NaN
884,21-20-3,RELU,SSE,500,0.01,0.75,17.66%, NaN
885,21-12-3,RELU,SSE,300,0.01,0.75,17.66%, NaN
887,21-20-3,RELU,SSE,300,0.01,0.75,17.66%, NaN
889,21-15-3,RELU,SSE,500,0.01,0.95,17.66%, NaN
892,21-15-3,RELU,SSE,300,0.01,0.95,17.66%, NaN
894,21-12-3,RELU,SSE,500,0.01,0.95,17.66%, NaN
896,21-20-3,RELU,SSE,500,0.01,0.95,17.66%, NaN
899,21-20-3,RELU,SSE,300,0.01,0.95,17.66%, NaN
900,21-12-3,RELU,SSE,500,0.001,0.5,17.66%, NaN
902,21-20-3,RELU,SSE,500,0.001,0.5,17.66%, NaN
906,21-12-3,RELU,SSE,500,0.001,0.5,17.66%, NaN
911,21-20-3,RELU,SSE,300,0.001,0.5,17.66%, NaN
919,21-15-3,RELU,SSE,500,0.001,0.75,17.66%, NaN
922,21-15-3,RELU,SSE,300,0.001,0.75,17.66%, NaN
932,21-20-3,RELU,SSE,500,0.001,0.95,17.66%, NaN
972,21-15-20-3,ISRLU,CEE,500,0.01,0.5,17.66%, NaN
981,21-20-45-3,ISRLU,CEE,500,0.01,0.75,17.66%, NaN
991,21-20-45-3,ISRLU,CEE,300,0.01,0.95,17.66%, NaN
997,21-20-45-3,ISRLU,CEE,500,0.001,0.5,17.66%, NaN
1006,21-15-20-3,ISRLU,CEE,300,0.001,0.75,17.66%, NaN
1008,21-15-20-3,ISRLU,CEE,500,0.001,0.75,17.66%, NaN
1013,21-20-45-3,ISRLU,CEE,500,0.001,0.95,17.66%, NaN
1023,21-15-20-3,ISRLU,CEE,300,0.0001,0.5,17.66%, NaN
1036,21-20-45-3,ISRLU,CEE,500,0.0001,0.95,17.66%, NaN
1044,21-15-20-3,ISRLU,MSE,500,0.01,0.5,17.66%, NaN
1064,21-15-20-3,ISRLU,MSE,500,0.01,0.95,17.66%, NaN
1068,21-15-20-3,ISRLU,MSE,500,0.001,0.5,17.66%, NaN
1074,21-15-20-3,ISRLU,MSE,300,0.001,0.5,17.66%, NaN
1079,21-20-45-3,ISRLU,MSE,300,0.001,0.75,17.66%, NaN
1090,21-15-20-3,ISRLU,MSE,300,0.001,0.95,17.66%, NaN
1103,21-20-45-3,ISRLU,MSE,300,0.0001,0.75,17.66%, NaN
1119,21-20-45-3,ISRLU,SSE,300,0.01,0.5,17.66%, NaN
1123,21-20-45-3,ISRLU,SSE,300,0.01,0.5,17.66%, NaN
1127,21-20-45-3,ISRLU,SSE,300,0.01,0.75,17.66%, NaN
1133,21-20-45-3,ISRLU,SSE,500,0.01,0.95,17.66%, NaN
1141,21-20-45-3,ISRLU,SSE,500,0.001,0.5,17.66%, NaN
1142,21-15-20-3,ISRLU,SSE,300,0.001,0.5,17.66%, NaN
1161,21-20-45-3,ISRLU,SSE,500,0.001,0.95,17.66%, NaN
1169,21-20-45-3,ISRLU,SSE,500,0.0001,0.5,17.66%, NaN
1173,21-20-45-3,ISRLU,SSE,500,0.0001,0.75,17.66%, NaN
1366,21-15-20-3,TANH,SSE,300,,,,
